source_ino_city,source_ino_lat,source_ino_lon,source_ino_date,name,lat,lon,city,street,housenumber,postcode,competitor_created,distance_km
Lebec,34.9833769,-118.9482857,2007-08-30,Bhavika's Chatpat,37.3529944,-122.0045772,,,,,2008-05-24,380.344
Lebec,34.9833769,-118.9482857,2007-08-30,Subway,37.3618682,-122.024376,Sunnyvale,East El Camino Real,605,94087,2008-05-24,382.298
Lebec,34.9833769,-118.9482857,2007-08-30,Bawarchi,37.3611013,-122.026013,,,,,2008-05-24,382.346
Lebec,34.9833769,-118.9482857,2007-08-30,Sweetgreen,37.3683134,-122.0354375,Sunnyvale,West El Camino Real,300,94087,2008-05-24,383.502
Lebec,34.9833769,-118.9482857,2007-08-30,Chipotle,37.3678173,-122.0361235,Sunnyvale,West El Camino Real,324,94087,2008-05-24,383.509
El Centro,32.771475,-115.5526905,2007-12-13,Carl's Jr. / The Green Burrito,32.8538449,-117.2004664,San Diego,Governor Drive,4199,92122,2008-06-28,154.261
El Centro,32.771475,-115.5526905,2007-12-13,Los Primos Mexican Food,32.8626604,-117.2243029,,Regents Road,7770,,2008-07-05,156.537
El Centro,32.771475,-115.5526905,2007-12-13,Chipotle,32.8657727,-117.2322186,La Jolla,Villa La Jolla Drive,8657,92037,2008-06-27,157.295
El Centro,32.771475,-115.5526905,2007-12-13,Bhavika's Chatpat,37.3529944,-122.0045772,,,,,2008-05-24,777.039
El Centro,32.771475,-115.5526905,2007-12-13,World Wraps,37.3891928,-121.9837063,,,3147,,2008-06-13,778.155
Murrieta,33.5732519,-117.1789859,2007-12-20,Chipotle,32.8657727,-117.2322186,La Jolla,Villa La Jolla Drive,8657,92037,2008-06-27,78.824
Murrieta,33.5732519,-117.1789859,2007-12-20,Los Primos Mexican Food,32.8626604,-117.2243029,,Regents Road,7770,,2008-07-05,79.127
Murrieta,33.5732519,-117.1789859,2007-12-20,Carl's Jr. / The Green Burrito,32.8538449,-117.2004664,San Diego,Governor Drive,4199,92122,2008-06-28,80.019
Murrieta,33.5732519,-117.1789859,2007-12-20,Bhavika's Chatpat,37.3529944,-122.0045772,,,,,2008-05-24,606.163
Murrieta,33.5732519,-117.1789859,2007-12-20,World Wraps,37.3891928,-121.9837063,,,3147,,2008-06-13,607.534
Yuba City,39.13596,-121.6351815,2008-03-27,Mexicana Taqueria,37.8798656,-122.268921,,,,,2008-11-24,150.162
Yuba City,39.13596,-121.6351815,2008-03-27,Banh Mi Bite,37.8758027,-122.2604332,Berkeley,Euclid Avenue,1814,94709,2008-12-15,150.314
Yuba City,39.13596,-121.6351815,2008-03-27,La Burrita,37.8755667,-122.2606291,Berkeley,Euclid Avenue,1832,94709,2008-12-15,150.344
Yuba City,39.13596,-121.6351815,2008-03-27,Brown's,37.8733273,-122.2648839,Berkeley,Hearst Avenue,2255,94709,2008-08-08,150.711
Yuba City,39.13596,-121.6351815,2008-03-27,Sweetgreen,37.8739991,-122.2688574,Berkeley,Shattuck Avenue,1890,,2008-11-24,150.767
Menifee,33.6811287,-117.1751095,2008-10-28,Burger King,33.3752217,-117.2517162,Fallbrook,South Main Avenue,825,92028,2009-03-24,34.749
Menifee,33.6811287,-117.1751095,2008-10-28,Domino's,33.3735286,-117.254404,Fallbrook,South Mission Road,1075,92028,2009-03-24,34.984
Menifee,33.6811287,-117.1751095,2008-10-28,McDonald's,33.3728073,-117.2512021,,,,,2009-03-24,35.002
Menifee,33.6811287,-117.1751095,2008-10-28,Jack in the Box,33.366548,-117.250344,Fallbrook,South Mission Road,1465,92028,2009-03-24,35.668
Menifee,33.6811287,-117.1751095,2008-10-28,Jack in the Box,33.2960098,-117.221019,Bonsall,South Mission Road,5256,92003,2009-03-24,43.034
Morgan Hill,37.1524597,-121.6548009,2008-11-30,Five Guys,37.1513378,-121.6562099,Morgan Hill,Cochrane Road,775,95037,2009-03-07,0.177
Morgan Hill,37.1524597,-121.6548009,2008-11-30,Chipotle,37.1512012,-121.6561329,Morgan Hill,Cochrane Road,775,95037,2009-03-07,0.183
Morgan Hill,37.1524597,-121.6548009,2008-11-30,McDonald's,37.1506188,-121.6552807,Morgan Hill,Cochrane Plaza,135,95037-2812,2008-11-30,0.209
Morgan Hill,37.1524597,-121.6548009,2008-11-30,KFC,37.1308582,-121.6364493,Morgan Hill,Laurel Road,17050,95037,2009-01-05,2.901
Morgan Hill,37.1524597,-121.6548009,2008-11-30,Subway,37.1334736,-121.6305375,Morgan Hill,Condit Road,17020,95037,2009-03-07,3.014
West Sacramento,38.5915571,-121.5502019,2008-12-05,Del Taco,38.6358292,-121.5029343,Sacramento,Truxel Road,3531,95834,2009-09-01,6.411
West Sacramento,38.5915571,-121.5502019,2008-12-05,Taco Bell,38.5509497,-121.6939305,Davis,Chiles Road,4811,95618,2009-05-12,13.286
West Sacramento,38.5915571,-121.5502019,2008-12-05,McDonald's,38.5505256,-121.6974152,Davis,Chiles Road,4444,95616,2009-05-12,13.587
West Sacramento,38.5915571,-121.5502019,2008-12-05,Carl's Jr.,38.5620784,-121.7315656,,,,,2009-06-25,16.103
West Sacramento,38.5915571,-121.5502019,2008-12-05,Carl's Jr.,38.540323,-121.730986,Davis,Cowell Boulevard,1701,95618,2009-03-23,16.718
Chula Vista,32.6204984,-116.96199,2008-12-23,Rubio's,32.628531,-116.965132,,,,,2009-03-24,0.94
Chula Vista,32.6204984,-116.96199,2008-12-23,Pick Up Stix,32.6286323,-116.965878,,,,,2009-03-24,0.975
Chula Vista,32.6204984,-116.96199,2008-12-23,Arby's,32.646477,-116.965656,,,,,2009-03-24,2.909
Chula Vista,32.6204984,-116.96199,2008-12-23,Domino's,32.6422783,-116.9929856,Chula Vista,Otay Lakes Road,943,91913,2009-03-24,3.78
Chula Vista,32.6204984,-116.96199,2008-12-23,Taco Bell,32.6448342,-116.9973851,Chula Vista,East H Street,1548,91913,2009-03-24,4.279
Folsom,38.6467295,-121.1143975,2009-01-29,Del Taco,38.6358292,-121.5029343,Sacramento,Truxel Road,3531,95834,2009-09-01,33.767
Folsom,38.6467295,-121.1143975,2009-01-29,Taco Bell,38.5509497,-121.6939305,Davis,Chiles Road,4811,95618,2009-05-12,51.477
Folsom,38.6467295,-121.1143975,2009-01-29,McDonald's,38.5505256,-121.6974152,Davis,Chiles Road,4444,95616,2009-05-12,51.783
Folsom,38.6467295,-121.1143975,2009-01-29,Subway,38.2268068,-121.4285719,Thornton,West Walnut Grove Road,9015,95686,2009-07-20,54.121
Folsom,38.6467295,-121.1143975,2009-01-29,Carl's Jr.,38.5620784,-121.7315656,,,,,2009-06-25,54.449
Gilroy,37.0237981,-121.564204,2009-04-28,McDonald's,37.0236362,-121.5624438,Gilroy,Arroyo Circle,8390,95020,2009-10-07,0.157
Gilroy,37.0237981,-121.564204,2009-04-28,Wendy's,36.9297252,-121.767228,Watsonville,Freedom Boulevard,1480,95076,2009-08-26,20.849
Gilroy,37.0237981,-121.564204,2009-04-28,Burger King,36.9267895,-121.7653324,Watsonville,Freedom Boulevard,1403,95076-2742,2009-11-08,20.871
Gilroy,37.0237981,-121.564204,2009-04-28,Little Caesars,36.9313445,-121.7687795,,,,,2009-08-26,20.879
Gilroy,37.0237981,-121.564204,2009-04-28,Unknown,36.9285739,-121.7670546,,,,,2009-11-08,20.9
Victorville,34.521129,-117.3220185,2009-09-24,Wendy's,34.1357014,-117.5381783,Rancho Cucamonga,Highland Avenue,12240,91739,2009-10-04,47.231
Victorville,34.521129,-117.3220185,2009-09-24,Domino's,34.1389927,-117.576826,Alta Loma,Lemon Street,10431,91737,2009-12-10,48.508
Victorville,34.521129,-117.3220185,2009-09-24,Burger King,34.1229636,-117.5755293,Alta Loma,Haven Avenue,7235,91701,2009-10-03,50.022
Victorville,34.521129,-117.3220185,2009-09-24,Del Taco,34.1225864,-117.593015,Rancho Cucamonga,Archibald Avenue,7247,91701,2009-12-12,50.826
Victorville,34.521129,-117.3220185,2009-09-24,McDonald's,34.106925,-117.5593702,Rancho Cucamonga,Foothill Boulevard,11198,91730,2010-06-17,50.956
Roseville,38.7896493,-121.2831678,2009-12-10,Chipotle,38.789529,-121.280838,Roseville,Pleasant Grove Boulevard,781,95678,2010-02-24,0.202
Roseville,38.7896493,-121.2831678,2009-12-10,Chick-fil-A,38.7850827,-121.2860459,Roseville,Pleasant Grove Boulevard,912,95678,2010-01-04,0.566
Roseville,38.7896493,-121.2831678,2009-12-10,Wendy's,38.7844009,-121.2879657,Roseville,Pleasant Grove Boulevard,924,95678,2010-01-04,0.717
Roseville,38.7896493,-121.2831678,2009-12-10,Wayback Burgers,38.7839595,-121.2707494,Roseville,Fairway Drive,9250,95678,2009-12-10,1.249
Roseville,38.7896493,-121.2831678,2009-12-10,Carl's Jr.,38.7809649,-121.2651381,Rocklin,Stanford Ranch Road,6741,95677,2009-12-29,1.837
San Jose,37.3502945,-121.921861,2010-01-14,Subway,37.3363857,-121.8770879,San Jose,East San Carlos Street,475,95112,2010-07-19,4.249
San Jose,37.3502945,-121.921861,2010-01-14,Unknown,37.382836,-121.9500852,,,,,2010-03-17,4.395
San Jose,37.3502945,-121.921861,2010-01-14,Quiznos,37.4064714,-121.9416711,San Jose,Rio Robles East,37,95134,2010-09-24,6.487
San Jose,37.3502945,-121.921861,2010-01-14,KFC,37.3525962,-122.0037189,Sunnyvale,East El Camino Real,1065,94087,2010-01-31,7.24
San Jose,37.3502945,-121.921861,2010-01-14,Jollibee,37.4161154,-121.899288,,,,,2010-01-20,7.586
Bakersfield,35.3830602,-119.0909247,2010-05-20,Sonic,35.3829678,-119.1005402,Bakersfield,Rosedale Highway,8875,93312,2010-05-20,0.872
Bakersfield,35.3830602,-119.0909247,2010-05-20,Popeyes,35.3838458,-119.1087187,Bakersfield,Rosedale Highway,9606,93312,2010-05-21,1.616
Bakersfield,35.3830602,-119.0909247,2010-05-20,McDonald's,35.4020915,-119.093046,Bakersfield,Coffee Road,4601,93312,2010-05-21,2.125
Bakersfield,35.3830602,-119.0909247,2010-05-20,Taco Bell,35.3828481,-119.0505443,Bakersfield,Rosedale Highway,3799,93308,2010-05-20,3.661
Bakersfield,35.3830602,-119.0909247,2010-05-20,Panda Express,35.3555199,-119.0583914,Bakersfield,Stockdale Highway,5120,93309,2010-05-20,4.252
Redwood City,37.4905957,-122.2278514,2010-08-26,Taco Bell,37.511398,-122.2650463,San Carlos,El Camino Real,259,94070,2011-02-16,4.015
Redwood City,37.4905957,-122.2278514,2010-08-26,Dunkin',37.5109317,-122.2655295,San Carlos,El Camino Real,240,94070,2011-02-16,4.02
Redwood City,37.4905957,-122.2278514,2010-08-26,McDonald's,37.5111625,-122.2658145,San Carlos,El Camino Real,180,94070,2011-02-16,4.055
Redwood City,37.4905957,-122.2278514,2010-08-26,Mr. Pickles,37.519687,-122.276548,,Ralston Avenue,891,,2011-04-09,5.377
Redwood City,37.4905957,-122.2278514,2010-08-26,Wendy's,37.5214237,-122.2753648,Belmont,Ralston Avenue,698,94002,2011-01-07,5.414
Escondido,33.1151488,-117.1018928,2010-09-30,Del Taco,33.1150993,-117.1012515,Escondido,West Valley Parkway,1270,92029,2011-03-06,0.06
Escondido,33.1151488,-117.1018928,2010-09-30,Carl's Jr.,33.1140551,-117.1005311,Escondido,Auto Park Way,1288,92029,2011-03-06,0.176
Escondido,33.1151488,-117.1018928,2010-09-30,La Salsa,33.1145759,-117.0997038,,Auto Park Way,1290,,2011-03-06,0.214
Escondido,33.1151488,-117.1018928,2010-09-30,McDonald's,33.1169639,-117.0972476,Escondido,West Valley Parkway,1050,92025,2011-01-17,0.477
Escondido,33.1151488,-117.1018928,2010-09-30,Alberto's Mexican Food,33.1265264,-117.0887619,,North Escondido Boulevard,623,,2011-01-13,1.76
Arroyo Grande,35.1272716,-120.5979057,2010-11-16,King Falafel,34.9630925,-120.4354886,,,,,2011-03-10,23.492
Arroyo Grande,35.1272716,-120.5979057,2010-11-16,Patricio's Pizza,34.8643561,-120.4471046,Orcutt,South Broadway Street,156,93455,2011-03-08,32.301
Arroyo Grande,35.1272716,-120.5979057,2010-11-16,Charlie's Burgers Plus/King Falafel,34.8647789,-120.4441439,,,,,2011-03-08,32.374
Arroyo Grande,35.1272716,-120.5979057,2010-11-16,Jack in the Box,34.8645775,-120.4357493,Orcutt,Orcutt Road,5001,93455,2011-03-09,32.732
Arroyo Grande,35.1272716,-120.5979057,2010-11-16,Ricky's House of Pizza,34.8655193,-120.4199459,,,,,2011-05-23,33.315
Costa Mesa,33.6877545,-117.919892,2010-12-17,Jack in the Box,33.6798927,-117.9085501,Costa Mesa,Baker Street,1201,92626,2011-08-22,1.366
Costa Mesa,33.6877545,-117.919892,2010-12-17,Del Taco,33.6797916,-117.9059816,Costa Mesa,Baker Street,1155,92626,2011-08-21,1.562
Costa Mesa,33.6877545,-117.919892,2010-12-17,El Pollo Loco,33.6796721,-117.8853457,Costa Mesa,Bristol Street,2990,92626,2011-08-22,3.32
Costa Mesa,33.6877545,-117.919892,2010-12-17,TK Burger,33.6789981,-117.8854405,Costa Mesa,Bristol Street,2966,92626,2011-08-22,3.333
Costa Mesa,33.6877545,-117.919892,2010-12-17,Del Taco,33.6787442,-117.885473,Costa Mesa,Bristol Street,2956,92626,2011-08-22,3.339
Poway,32.9389329,-117.0464915,2011-02-21,Dosa i Place,32.8959876,-117.1241459,,,,,2011-04-23,8.68
Poway,32.9389329,-117.0464915,2011-02-21,Unknown,32.8956883,-117.1244388,,,,,2011-04-23,8.721
Poway,32.9389329,-117.0464915,2011-02-21,Kotija Jr. Taco Shop,32.906715,-117.1744459,,,,,2011-09-18,12.469
Poway,32.9389329,-117.0464915,2011-02-21,KFC,32.8555994,-116.9321208,Lakeside,Woodside Avenue,12061,92040,2011-07-01,14.138
Poway,32.9389329,-117.0464915,2011-02-21,McDonald's,32.8528881,-116.9314949,Lakeside,Winter Gardens Boulevard,9614,92040,2011-07-01,14.381
Petaluma,38.2345829,-122.6208645,2011-03-31,Jack in the Box,38.3487854,-122.7100078,Rohnert Park,Commerce Boulevard,6299,94928,2011-11-20,14.892
Petaluma,38.2345829,-122.6208645,2011-03-31,Burger King,38.3495506,-122.7100686,Rohnert Park,Commerce Boulevard,6255,94928-2103,2011-11-20,14.968
Petaluma,38.2345829,-122.6208645,2011-03-31,Carl's Jr.,38.3466581,-122.7161784,Rohnert Park,Redwood Drive,6460,94928,2011-10-04,14.983
Petaluma,38.2345829,-122.6208645,2011-03-31,Chipotle,37.9958013,-122.286104,Pinole,Pinole Valley Road,2696,94564,2011-06-12,39.531
Petaluma,38.2345829,-122.6208645,2011-03-31,Jack in the Box,37.996298,-122.2853075,Pinole,Pinole Valley Road,2689,94564,2011-06-12,39.545
San Carlos,37.5129132,-122.2585755,2011-06-16,Jamba,37.5023671,-122.245983,San Carlos,Industrial Road,1135,94070,2011-06-19,1.615
San Carlos,37.5129132,-122.2585755,2011-06-16,Wingstop,37.5022436,-122.2461413,San Carlos,Industrial Road,1135,94070,2011-06-19,1.616
San Carlos,37.5129132,-122.2585755,2011-06-16,Chipotle,37.502146,-122.246272,San Carlos,Industrial Road,1135,94070,2011-06-19,1.616
San Carlos,37.5129132,-122.2585755,2011-06-16,L&L Hawaiian Barbecue,37.4912247,-122.2246065,Redwood City,Walnut Street,324,94063,2011-07-09,3.846
San Carlos,37.5129132,-122.2585755,2011-06-16,Erik's Delicafé,37.4904577,-122.2249937,Redwood City,Walnut Street,400c,94063,2011-07-09,3.874
Daly City,37.68821,-122.4720315,2011-07-20,Krispy Kreme,37.6887703,-122.4715985,,Sullivan Avenue,1575,,2011-07-20,0.073
Daly City,37.68821,-122.4720315,2011-07-20,Burger King,37.6770974,-122.4675637,Colma,Colma Boulevard,111,94014,2012-01-02,1.297
Daly City,37.68821,-122.4720315,2011-07-20,Panda Express,37.6990822,-122.4820329,Daly City,,701,94015,2011-07-22,1.495
Daly City,37.68821,-122.4720315,2011-07-20,Popeyes,37.6712453,-122.4643197,Colma,Serramonte Boulevard,990,94014-3260,2012-01-02,2.005
Daly City,37.68821,-122.4720315,2011-07-20,Chipotle,37.6711796,-122.4644054,Colma,Serramonte Boulevard,990,94014-3260,2012-01-02,2.009
Corona,33.8816816,-117.6135375,2011-10-11,Pizza Nora,33.9615176,-117.5588523,,Hamner Ave.,6987 #1,92880,2012-04-17,10.211
Corona,33.8816816,-117.6135375,2011-10-11,Jack in the Box,33.918494,-117.488555,Riverside,La Sierra Avenue,4860,92505,2011-11-01,12.24
Corona,33.8816816,-117.6135375,2011-10-11,Del Taco,33.9170028,-117.487488,,,,,2011-11-01,12.279
Corona,33.8816816,-117.6135375,2011-10-11,Little Caesars,33.9148958,-117.484869,,,,,2011-11-01,12.437
Corona,33.8816816,-117.6135375,2011-10-11,Domino's,33.9023077,-117.4772916,Riverside,Magnolia Avenue,11170,92505,2011-11-01,12.783
Roseville,38.7582613,-121.2595541,2011-11-24,Jack in the Box,38.7446727,-121.2552551,,,,,2011-11-24,1.556
Roseville,38.7582613,-121.2595541,2011-11-24,Del Taco,38.7445912,-121.2634976,,,1619,,2011-11-24,1.558
Roseville,38.7582613,-121.2595541,2011-11-24,Carl's Jr.,38.744556,-121.2645785,Roseville,Douglas Boulevard,1701,95661,2011-11-24,1.585
Roseville,38.7582613,-121.2595541,2011-11-24,McDonald's,38.7290566,-121.2725258,Roseville,Cirby Way,1190,95746,2011-11-24,3.437
Roseville,38.7582613,-121.2595541,2011-11-24,Wendy's,38.6788959,-121.2688763,Citrus Heights,Greenback Lane,7983,95610,2012-05-01,8.862
Laguna Hills,33.6133618,-117.7086348,2011-11-26,Original Tommy's,33.615002,-117.7052431,Lake Forest,Swartz Drive,24310,92630,2011-11-27,0.363
Laguna Hills,33.6133618,-117.7086348,2011-11-26,Jack in the Box,33.6164725,-117.7047295,Lake Forest,El Toro Road,23812,92630,2011-11-27,0.5
Laguna Hills,33.6133618,-117.7086348,2011-11-26,El Pollo Loco,33.6200103,-117.7018818,Lake Forest,El Toro Road,23601,92630,2011-11-27,0.968
Laguna Hills,33.6133618,-117.7086348,2011-11-26,Krispy Kreme,33.5857158,-117.6733234,Mission Viejo,El Paseo,25802,92691,2012-05-30,4.488
Laguna Hills,33.6133618,-117.7086348,2011-11-26,Jack in the Box,33.5850923,-117.673199,Mission Viejo,El Paseo,25852,92691,2012-05-30,4.544
Tustin,33.6949883,-117.8270941,2011-12-29,Chick-fil-A,33.6950179,-117.826473,Tustin,Park Avenue,2889,92782,2011-12-29,0.058
Tustin,33.6949883,-117.8270941,2011-12-29,Chipotle,33.6854525,-117.8111542,Irvine,Barranca Parkway,3966,92606,2012-04-08,1.816
Tustin,33.6949883,-117.8270941,2011-12-29,Surfer's Sunset Grill,33.6718739,-117.8350618,,,,,2012-08-26,2.674
Tustin,33.6949883,-117.8270941,2011-12-29,Taco Bell,33.6596831,-117.8611695,Newport Beach,Jamboree Road,4101,92660,2012-07-14,5.035
Tustin,33.6949883,-117.8270941,2011-12-29,The Habit Burger Grill,33.6487314,-117.8321091,Irvine,Campus Drive,4501,92612,2012-07-14,5.164
Torrance,33.8488503,-118.3531603,2012,L&L Hawaiian Barbecue,33.8061935,-118.3296468,,,,,2012-09-03,5.217
Torrance,33.8488503,-118.3531603,2012,Jamba,33.7748203,-118.3751955,Rolling Hills Estates,Silver Spur Road,435,90274,2012-07-27,8.48
Torrance,33.8488503,-118.3531603,2012,Subway,33.748689,-118.406977,Rancho Palos Verdes,Palos Verdes Drive,31204,90275,2012-01-18,12.197
Torrance,33.8488503,-118.3531603,2012,Yoshinoya,33.9602413,-118.377844,,,,,2012-08-19,12.594
Torrance,33.8488503,-118.3531603,2012,Classic Grill,33.9602858,-118.3784235,,West Manchester Avenue,5569,90045,2012-08-19,12.609
Santa Nella,37.1009831,-121.0145701,2012-01-26,Burger King,37.309386,-121.0192989,Newman,N Street,1955,95360,2012-07-11,23.177
Santa Nella,37.1009831,-121.0145701,2012-01-26,Papa Murphy's,36.8366478,-121.3897407,Hollister,Airline Highway,1740,95023,2012-06-13,44.439
Santa Nella,37.1009831,-121.0145701,2012-01-26,Carl's Jr.,37.595056,-120.9382586,Ceres,Mitchell Road,2420,95307-2837,2012-05-22,55.351
Santa Nella,37.1009831,-121.0145701,2012-01-26,Del Taco,37.5954575,-120.938261,,,,,2012-05-22,55.395
Santa Nella,37.1009831,-121.0145701,2012-01-26,Baja Fresh,37.6532538,-120.957856,Modesto,Oakdale Road,801,95355,2012-09-22,61.614
Orange,33.8319575,-117.835679,2012-07-10,Del Taco,33.8324617,-117.8358946,Orange,North Tustin Street,2607,92865,2012-07-10,0.059
Orange,33.8319575,-117.835679,2012-07-10,Chick-fil-A,33.8313075,-117.835205,Orange,North Tustin Street,2575,92865,2012-07-10,0.085
Orange,33.8319575,-117.835679,2012-07-10,Jack in the Box,33.8304298,-117.8367134,Orange,North Tustin Street,2500,92865,2012-07-10,0.195
Orange,33.8319575,-117.835679,2012-07-10,KFC,33.8294656,-117.8357428,Orange,North Tustin Street,2469,92865,2012-07-10,0.277
Orange,33.8319575,-117.835679,2012-07-10,McDonald's,33.8286551,-117.8356628,Orange,North Tustin Street,2401,92865,2012-07-10,0.367
Clovis,36.8369068,-119.7005714,2012-09-13,Burger King,36.836901,-119.6995646,Clovis,Herndon Avenue,820,93612-0489,2012-09-13,0.09
Clovis,36.8369068,-119.7005714,2012-09-13,Taco Bell,36.8359923,-119.6995456,Clovis,Herndon Avenue,830,93612,2012-09-13,0.137
Clovis,36.8369068,-119.7005714,2012-09-13,Jack in the Box,36.8370916,-119.6845302,Clovis,Herndon Avenue,1680,93611,2013-06-12,1.428
Clovis,36.8369068,-119.7005714,2012-09-13,Sonic,36.8380625,-119.6812209,Clovis,Herndon Avenue,1855,93611,2013-06-12,1.727
Clovis,36.8369068,-119.7005714,2012-09-13,Jack in the Box,36.74288,-119.771946,Fresno,East Tulare Street,3110,93702,2012-09-17,12.236
Anaheim,33.8385765,-117.9412639,2012-11-02,Jollibee,33.8403331,-117.9421217,,,,,2012-11-02,0.211
Anaheim,33.8385765,-117.9412639,2012-11-02,Wendy's,33.841194,-117.9413004,Anaheim,North Euclid Avenue,680,92801,2012-11-02,0.291
Anaheim,33.8385765,-117.9412639,2012-11-02,McDonald's,33.84271,-117.941204,Anaheim,North Euclid Street,740,92801-4115,2012-11-02,0.46
Anaheim,33.8385765,-117.9412639,2012-11-02,Unknown,33.8469247,-117.926308,,,,,2013-07-04,1.664
Anaheim,33.8385765,-117.9412639,2012-11-02,Del Taco,33.8467294,-117.9241436,Anaheim,North Harbor Street,955,92805,2013-07-04,1.823
Santee,32.8390346,-116.9939069,2012-11-28,Cazadores Mexican Food,32.8374612,-116.994394,Santee,Mission Gorge Road,9331,92071,2013-05-07,0.181
Santee,32.8390346,-116.9939069,2012-11-28,Dairy Queen,32.8400645,-116.989131,Santee,Town Center Parkway,70,92071,2013-03-23,0.461
Santee,32.8390346,-116.9939069,2012-11-28,KFC,32.8381964,-116.984159,Santee,Cuyamaca Street,8890,92071,2013-06-15,0.915
Santee,32.8390346,-116.9939069,2012-11-28,Chipotle,32.840992,-116.9813398,Santee,Mission Gorge Road,9828,92071,2013-06-15,1.194
Santee,32.8390346,-116.9939069,2012-11-28,Jamba,32.8410479,-116.981274,Santee,Mission Gorge Road,9828,92071,2013-06-15,1.201
Sacramento,38.6553873,-121.525903,2012-12-03,Taco Bell,38.654643,-121.526989,Sacramento,Advantage Way,2921,95834,2012-12-03,0.125
Sacramento,38.6553873,-121.525903,2012-12-03,Wienerschnitzel,38.6546034,-121.5282273,,,,,2012-12-27,0.22
Sacramento,38.6553873,-121.525903,2012-12-03,Carl's Jr.,38.6564244,-121.509741,Sacramento,Del Paso Road,2241,95835,2012-12-24,1.408
Sacramento,38.6553873,-121.525903,2012-12-03,Yogurt Garden,38.6418727,-121.532807,Sacramento,Arena Boulevard,,95834,2012-12-05,1.618
Sacramento,38.6553873,-121.525903,2012-12-03,Mandarin Express,38.6418509,-121.53288,Sacramento,Arena Boulevard,3230,95834,2012-12-05,1.623
Huntington Beach,33.7003858,-117.988592,2013-10-05,Subway,33.7439964,-118.1021901,Seal Beach,Pacific Coast Highway,914,90740,2013-10-12,11.571
Huntington Beach,33.7003858,-117.988592,2013-10-05,McDonald's,33.8150422,-118.0287316,Cypress,Valley View Road,10115,90630-4602,2014-07-04,13.278
Huntington Beach,33.7003858,-117.988592,2013-10-05,Dining Room,33.788463,-117.888522,,,,,2014-06-25,13.473
Huntington Beach,33.7003858,-117.988592,2013-10-05,Bengal Barbecue,33.8115724,-117.9203186,Anaheim,,,,2014-02-18,13.881
Huntington Beach,33.7003858,-117.988592,2013-10-05,Del Taco,33.8247503,-118.0287283,,,,,2014-07-04,14.318
Novato,38.0893983,-122.5547212,2013-11-14,Jack in the Box,38.1012803,-122.5695903,Novato,Redwood Boulevard,7135,94945,2013-12-17,1.854
Novato,38.0893983,-122.5547212,2013-11-14,Quan Brothers Market,38.0008802,-122.461478,,,,,2014-03-09,12.789
Novato,38.0893983,-122.5547212,2013-11-14,Jack in the Box,38.2436407,-122.6314258,Petaluma,East Washington Street,837,94952,2014-04-05,18.415
Novato,38.0893983,-122.5547212,2013-11-14,El Coyote,38.282661,-122.459523,,,,,2014-05-14,23.044
Novato,38.0893983,-122.5547212,2013-11-14,Jack in the Box,38.2933508,-122.4704305,Sonoma,West Napa Street,602,95476,2014-05-22,23.845
Hanford,36.3212857,-119.6735995,2013-12-19,Cisneros Taqueria #2,36.3136543,-119.6453038,,,,,2014-06-16,2.673
Hanford,36.3212857,-119.6735995,2013-12-19,Quiznos,36.3293726,-119.290999,,,,,2014-05-28,34.287
Hanford,36.3212857,-119.6735995,2013-12-19,Subway,36.3414719,-119.2782371,Visalia,East Houston,1301,93292,2014-05-28,35.487
Hanford,36.3212857,-119.6735995,2013-12-19,McDonald's,36.3258429,-119.2100961,Farmersville,West Noble Road,430,93223,2014-05-28,41.527
Hanford,36.3212857,-119.6735995,2013-12-19,Panda Express,36.707051,-119.5740124,Sanger,Jensen Avenue,2590,93657,2014-01-15,43.809
Turlock,37.5204744,-120.8817351,2014-05-11,Chipotle,37.5206975,-120.8809484,Turlock,Countryside Drive,3090,95380,2014-06-15,0.074
Turlock,37.5204744,-120.8817351,2014-05-11,Quiznos,37.5214798,-120.8803885,Turlock,West Monte Vista Avenue,2868,95380,2014-11-11,0.163
Turlock,37.5204744,-120.8817351,2014-05-11,El Pollo Loco,37.5195909,-120.8801935,Turlock,Countryside Drive,2900,95380,2014-05-11,0.168
Turlock,37.5204744,-120.8817351,2014-05-11,Sonic,37.5215075,-120.8870421,Turlock,West Monte Vista,3400,95380,2014-05-11,0.482
Turlock,37.5204744,-120.8817351,2014-05-11,Wendy's,37.5215127,-120.8888594,Turlock,West Monte Vista Avenue,3450,95380,2014-05-11,0.639
Norco,33.9085328,-117.5616904,2014-05-17,Burger King,33.9091929,-117.5598394,Norco,Second Street,1666,92860-2920,2014-05-17,0.186
Norco,33.9085328,-117.5616904,2014-05-17,Chipotle,33.9026317,-117.561859,Norco,Hamner Avenue,1409,92860,2014-06-09,0.656
Norco,33.9085328,-117.5616904,2014-05-17,Popeyes,33.9006496,-117.5620776,Norco,Hamner Avenue,1325,92860,2014-06-09,0.877
Norco,33.9085328,-117.5616904,2014-05-17,Fazoli's,33.9001202,-117.5621632,,,,,2014-06-09,0.936
Norco,33.9085328,-117.5616904,2014-05-17,McDonald's,33.8976568,-117.5618726,Norco,Hidden Valley Parkway,150,92860,2014-06-09,1.209
Woodland,38.6702663,-121.7279475,2014-05-18,Subway,38.6703242,-121.7271609,Woodland,Bronze Star Drive,2021,95776,2014-05-18,0.069
Woodland,38.6702663,-121.7279475,2014-05-18,Panda Express,38.6701996,-121.7262955,Woodland,Bronze Star Drive,2041,95776,2014-05-18,0.144
Woodland,38.6702663,-121.7279475,2014-05-18,Chipotle,38.5378522,-121.4924816,Sacramento,Freeport Boulevard,4001,95822,2014-08-28,25.208
Woodland,38.6702663,-121.7279475,2014-05-18,Taco Bell,38.4576423,-121.8421018,Dixon,Ary Lane,1420,95620,2014-10-11,25.641
Woodland,38.6702663,-121.7279475,2014-05-18,Jack in the Box,38.5471309,-121.4536925,Sacramento,Broadway;Stockton Boulevard,4601,95817,2014-10-10,27.484
Encinitas,33.0473003,-117.2850115,2014-05-22,Angelo’s,33.0444589,-117.2939169,,,,,2014-09-04,0.888
Encinitas,33.0473003,-117.2850115,2014-05-22,Panera Bread,33.1370817,-117.176441,San Marcos,Grand Avenue,575,92078,2015-01-13,14.211
Encinitas,33.0473003,-117.2850115,2014-05-22,Chipotle,33.137014,-117.176197,San Marcos,Grand Avenue,575,92078,2015-01-13,14.222
Encinitas,33.0473003,-117.2850115,2014-05-22,Papa John's,33.1447851,-117.162145,San Marcos,North Twin Oaks Valley Road,407,92069,2015-01-13,15.764
Encinitas,33.0473003,-117.2850115,2014-05-22,Papa John's,32.8616948,-117.2234069,San Diego,Regents Road,7708,92122,2015-01-10,21.424
Stockton,37.9969522,-121.3145439,2014-06-11,Chipotle,37.9946845,-121.3134162,Stockton,Pacific Avenue,4940,95207,2014-06-11,0.271
Stockton,37.9969522,-121.3145439,2014-06-11,Panera Bread,37.9940512,-121.3131875,Stockton,Pacific Avenue,4932,95207,2014-06-11,0.344
Stockton,37.9969522,-121.3145439,2014-06-11,Five Guys,38.0010009,-121.3183327,Stockton,Pacific Avenue,5633,95207,2014-06-11,0.559
Stockton,37.9969522,-121.3145439,2014-06-11,McDonald's,37.9892875,-121.312488,Stockton,Pacific Avenue,4515,95207-7694,2014-06-11,0.871
Stockton,37.9969522,-121.3145439,2014-06-11,Wienerschnitzel,37.9900559,-121.319394,,,,,2014-06-11,0.877
Long Beach,33.7911921,-118.1401438,2014-06-30,Habit Burger & Grill,33.787349,-118.1395677,,,,,2014-07-12,0.431
Long Beach,33.7911921,-118.1401438,2014-06-30,El Pollo Loco,33.7970151,-118.1337178,,,,,2014-08-10,0.879
Long Beach,33.7911921,-118.1401438,2014-06-30,Jack in the Box,33.7901297,-118.1523074,Long Beach,Pacific Coast Highway,3399,90755,2014-08-13,1.13
Long Beach,33.7911921,-118.1401438,2014-06-30,Del Taco,33.7895858,-118.1548015,,,,,2014-08-13,1.366
Long Beach,33.7911921,-118.1401438,2014-06-30,MVP's Grill & Patio,33.7958483,-118.1260478,,,,,2014-10-04,1.402
Anaheim,33.8190187,-117.8889219,2015-01-07,Panda Express,33.8037515,-117.8873045,Anaheim,East Katella Avenue,2055,92806,2015-08-27,1.704
Anaheim,33.8190187,-117.8889219,2015-01-07,Wetzel's Pretzels,33.8088377,-117.920707,,,,,2015-07-07,3.147
Anaheim,33.8190187,-117.8889219,2015-01-07,Flo's V8 Café,33.8055749,-117.9192035,,Route 66,,,2015-04-09,3.172
Anaheim,33.8190187,-117.8889219,2015-01-07,Poultry Palace,33.8047527,-117.9214377,,,,,2015-04-20,3.397
Anaheim,33.8190187,-117.8889219,2015-01-07,Sbarro,33.8001152,-117.919251,,,,,2015-07-15,3.503
Newbury Park,34.1836629,-118.914599,2015-02-23,Jersey Mike's Subs,34.1833433,-118.9154549,,,,,2015-11-18,0.086
Newbury Park,34.1836629,-118.914599,2015-02-23,Del Taco,34.1879033,-118.9117749,,North Ventu Park Road,591,,2015-11-18,0.538
Newbury Park,34.1836629,-118.914599,2015-02-23,Subway,34.1824094,-118.923973,,,,,2015-11-18,0.873
Newbury Park,34.1836629,-118.914599,2015-02-23,Domino's,34.1832343,-118.928982,Newbury Park,Michael Drive,2409,91320,2015-11-20,1.324
Newbury Park,34.1836629,-118.914599,2015-02-23,Red Wok,34.1823997,-118.9291045,,,,,2015-11-18,1.342
Highland,34.107881,-117.1937193,2015-03-25,Unknown,34.1355924,-117.2430984,,,,,2015-04-16,5.491
Highland,34.107881,-117.1937193,2015-03-25,Burger King,34.116355,-117.2783692,San Bernardino,North Waterman,935,92410-3801,2015-05-22,7.85
Highland,34.107881,-117.1937193,2015-03-25,Church's Chicken,34.1209915,-117.2790832,San Bernardino,East Baseline Street,299,92410,2015-05-22,7.993
Highland,34.107881,-117.1937193,2015-03-25,McDonald's,34.1660518,-117.3320469,San Bernardino,University Parkway,4155,92407-4699,2015-07-04,14.28
Highland,34.107881,-117.1937193,2015-03-25,Rubio's,33.9759479,-117.3374837,,,,,2015-08-31,19.766
Sacramento,38.5980058,-121.419456,2015-04-22,Del Taco,38.5958082,-121.4148051,Sacramento,Arden Way,2200,95825,2015-04-22,0.472
Sacramento,38.5980058,-121.419456,2015-04-22,Jack in the Box,38.596419,-121.4110872,Sacramento,Arden Way,2293,95825,2015-04-22,0.748
Sacramento,38.5980058,-121.419456,2015-04-22,Carl's Jr.,38.6140601,-121.5155916,Sacramento,West El Camino Avenue,2460,95833,2015-12-01,8.542
Sacramento,38.5980058,-121.419456,2015-04-22,Jamba,38.6131969,-121.516512,Sacramento,Gateway Oaks Drive,2600,95833,2015-12-01,8.601
Sacramento,38.5980058,-121.419456,2015-04-22,Sandwich Spot,38.5434376,-121.4907461,Sacramento,11th Avenue,2108,95818,2015-05-03,8.673
Alameda,37.7838136,-122.2772451,2015-05-14,Domino's,37.7969935,-122.275527,Oakland,Broadway,314,94607,2015-10-04,1.473
Alameda,37.7838136,-122.2772451,2015-05-14,Hometown Donuts,37.7967027,-122.2653248,,,,,2015-10-22,1.775
Alameda,37.7838136,-122.2772451,2015-05-14,McDonald's,37.8031883,-122.282176,Oakland,Market Street,800,94607-3116,2015-10-31,2.198
Alameda,37.7838136,-122.2772451,2015-05-14,Chipotle,37.8036667,-122.271348,Oakland,Broadway,1302,94612,2016-01-05,2.268
Alameda,37.7838136,-122.2772451,2015-05-14,Mystical Mixes,37.8036092,-122.2702987,,Franklin Street,1319,,2016-01-05,2.284
Seaside,36.6056964,-121.8581583,2016-02-22,Round Table Pizza,36.6856514,-121.8010959,,,,,2016-11-17,10.245
Seaside,36.6056964,-121.8581583,2016-02-22,Take and Bake Pizza,36.6868645,-121.7999801,,,,,2016-11-17,10.412
Seaside,36.6056964,-121.8581583,2016-02-22,Subway,36.6846739,-121.7949761,Marina,Reservation Road,266,93933,2016-11-17,10.435
Seaside,36.6056964,-121.8581583,2016-02-22,Carl's Jr,36.6964584,-121.6693005,Salinas,North Davis Road,1061,93907,2016-04-17,19.639
Seaside,36.6056964,-121.8581583,2016-02-22,Sonic,36.6965778,-121.6682531,Salinas,North Davis Road,1080,93907,2016-04-17,19.726
Oceanside,33.2038979,-117.3838979,2016-04-07,Subway,33.2235974,-117.3959154,Camp Pendelton,Area,21,92055,2016-11-03,2.459
Oceanside,33.2038979,-117.3838979,2016-04-07,McDonald's,33.2251963,-117.3922628,Camp Pendleton,Vandegrift Boulevard,20844,92055,2016-11-02,2.493
Oceanside,33.2038979,-117.3838979,2016-04-07,Panda Express,33.2259221,-117.393307,,,,,2016-09-14,2.601
Oceanside,33.2038979,-117.3838979,2016-04-07,Dunkin',33.2281612,-117.390221,Oceanside,,,92058,2016-09-14,2.761
Oceanside,33.2038979,-117.3838979,2016-04-07,McDonald's,33.1821592,-117.3402468,Oceanside,Vista Way,2185,92054,2016-10-29,4.727
Westlake Village,34.1475424,-118.7974812,2016-05-11,Wendy's,34.1551211,-118.7934879,Westlake Village,Lindero Canyon Road,5788,91362,2016-12-26,0.919
Westlake Village,34.1475424,-118.7974812,2016-05-11,Burger King,34.1450321,-118.7600393,Agoura,Roadside Drive,29136,91301,2016-12-24,3.457
Westlake Village,34.1475424,-118.7974812,2016-05-11,Taco Bell,34.15166,-118.7587485,Agoura Hills,Kanan Road,5589,91301,2016-12-26,3.594
Westlake Village,34.1475424,-118.7974812,2016-05-11,Carl's Jr.,34.1551009,-118.7571499,,,,,2016-12-26,3.805
Westlake Village,34.1475424,-118.7974812,2016-05-11,Yum Yum Donuts,34.1560796,-118.7565376,,,,,2016-12-26,3.885
Rancho Santa Margarita,33.6425793,-117.6052232,2016-07-27,Subway,33.6367969,-117.5994199,Rancho Santa Margarita,Avenida de Las Banderas,30486,92688,2016-09-29,0.838
Rancho Santa Margarita,33.6425793,-117.6052232,2016-07-27,Wingstop,33.6409215,-117.5948575,,El Paseo,22195,92688,2017-03-15,0.977
Rancho Santa Margarita,33.6425793,-117.6052232,2016-07-27,Chipotle,33.6390999,-117.5940565,Rancho Santa Margarita,El Paseo,22245,92688,2016-07-29,1.104
Rancho Santa Margarita,33.6425793,-117.6052232,2016-07-27,Bruegger's Bagels,33.6379696,-117.5905442,Rancho Santa Margarita,Antonio Parkway,,92688,2016-08-01,1.452
Rancho Santa Margarita,33.6425793,-117.6052232,2016-07-27,Golden Spoon,33.6496793,-117.5828666,,,,,2016-08-07,2.215
Signal Hill,33.8120393,-118.1833165,2016-09-06,Jack in the Box,33.8120491,-118.1826147,Signal Hill,East Spring Street,801,90755,2016-09-06,0.065
Signal Hill,33.8120393,-118.1833165,2016-09-06,Carl's Jr.,33.804773,-118.18973,Long Beach,East Willow Street,271,90806,2017-02-21,1.002
Signal Hill,33.8120393,-118.1833165,2016-09-06,Arby's,33.822306,-118.1847129,Long Beach,Atlantic Avenue,3602,90807,2016-09-06,1.149
Signal Hill,33.8120393,-118.1833165,2016-09-06,Pollo Loco,33.8031818,-118.1897818,,Long Beach Boulevard,,,2016-09-07,1.152
Signal Hill,33.8120393,-118.1833165,2016-09-06,Del Taco,33.80474,-118.1696297,,,,,2016-09-06,1.503
South Gate,33.9527632,-118.1882999,2016-11-04,Jack in the Box,33.9513946,-118.1825588,South Gate,Atlantic Avenue,8920,90280,2016-11-04,0.551
South Gate,33.9527632,-118.1882999,2016-11-04,McDonald's,33.9535445,-118.1971713,South Gate,East Firestone Boulevard,4135,90280,2016-11-04,0.823
South Gate,33.9527632,-118.1882999,2016-11-04,McDonald's,33.9612595,-118.1863049,Cudahy,Atlantic Avenue,8029,90201,2016-11-04,0.962
South Gate,33.9527632,-118.1882999,2016-11-04,Chris's Hamburgers,33.9654663,-118.1873706,Cudahy,Atlantic Avenue,7701,90201,2016-11-04,1.415
South Gate,33.9527632,-118.1882999,2016-11-04,Taco Bell,33.9677131,-118.1870886,,,,,2016-11-04,1.666
Cabazon,33.9213836,-116.8036214,2016-11-29,Taco Bell,33.9222921,-116.8054538,Cabazon,Seminole Drive,49030,92230,2016-11-29,0.197
Cabazon,33.9213836,-116.8036214,2016-11-29,Ruby's Diner,33.9226444,-116.8064179,,,,,2016-11-29,0.294
Cabazon,33.9213836,-116.8036214,2016-11-29,Del Taco,33.8035591,-116.971692,,,,,2017-03-02,20.309
Cabazon,33.9213836,-116.8036214,2016-11-29,Panda Express,33.8041654,-116.9725912,,,,,2017-03-02,20.33
Cabazon,33.9213836,-116.8036214,2016-11-29,Jack in the Box,33.8124568,-116.5443472,Palm Springs,South Palm Canyon Drive,694,92264,2017-03-15,26.828
Hesperia,34.4704723,-117.2909575,2016-12-24,Taco Bell,34.4713451,-117.2863147,Victorville,Bear Valley Road,17250,92392,2017-08-19,0.437
Hesperia,34.4704723,-117.2909575,2016-12-24,Chipotle,34.4706483,-117.2457262,Apple Valley,Bear Valley Road,19179,92308,2017-05-22,4.146
Hesperia,34.4704723,-117.2909575,2016-12-24,Papa John's,34.4718086,-117.2428544,Apple Valley,Apple Valley Road,12218,92308,2017-06-09,4.412
Hesperia,34.4704723,-117.2909575,2016-12-24,Del Taco,34.4733794,-117.2417828,,,,,2017-03-17,4.519
Hesperia,34.4704723,-117.2909575,2016-12-24,El Pollo Loco,34.4716092,-117.2391054,Apple Valley,Bear Valley Road,19380,92308,2017-05-17,4.755
Rialto,34.1344181,-117.3699886,2016-12-27,Taco Bell,34.1386277,-117.4546743,Fontana,Sierra Lakes Parkway,16045,92336,2017-05-22,7.808
Rialto,34.1344181,-117.3699886,2016-12-27,Farmer Boys,34.1387129,-117.4553816,,,,,2017-05-22,7.874
Rialto,34.1344181,-117.3699886,2016-12-27,Jack in the Box,34.1822326,-117.4379624,Fontana,Sierra Avenue,3910,92336,2017-01-24,8.209
Rialto,34.1344181,-117.3699886,2016-12-27,McDonald's,34.1822882,-117.4389297,Fontana,Sierra,3870,92336,2017-01-24,8.281
Rialto,34.1344181,-117.3699886,2016-12-27,Del Taco,34.1834419,-117.438389,Fontana,Sierra Avenue,3864,92336,2017-01-24,8.326
San Leandro,37.6869487,-122.1311232,2017-03-06,Taco Bell,37.7139775,-122.1574076,San Leandro,Marina Boulevard,797,94577,2017-03-13,3.792
San Leandro,37.6869487,-122.1311232,2017-03-06,Jack in the Box,37.7146322,-122.1578024,San Leandro,Marina Boulevard,780,94577,2017-03-13,3.871
San Leandro,37.6869487,-122.1311232,2017-03-06,Togo's,37.6942078,-122.0859026,,Castro Valley Boulevard,2731,,2017-12-02,4.06
San Leandro,37.6869487,-122.1311232,2017-03-06,Burger King,37.694331,-122.0853415,Castro Valley,Castro Valley Boulevard,2757,94546-5411,2017-12-02,4.111
San Leandro,37.6869487,-122.1311232,2017-03-06,Jack in the Box,37.6952348,-122.0817442,Castro Valley,Castro Valley Boulevard,3035,94546,2017-12-03,4.442
Pleasant Hill,37.9760571,-122.0655412,2017-05-04,Taco Bell,37.9812292,-122.0675006,Pleasant Hill,Contra Costa Boulevard,500,94523,2017-08-19,0.6
Pleasant Hill,37.9760571,-122.0655412,2017-05-04,Wendy's,37.982072,-122.0667979,Martinez,Pacheco Boulevard,5943,94553,2017-08-19,0.678
Pleasant Hill,37.9760571,-122.0655412,2017-05-04,Panda Express,37.9786732,-122.0582364,Concord,Concord Avenue,1100,94520,2017-12-13,0.703
Pleasant Hill,37.9760571,-122.0655412,2017-05-04,Pacheco's Mexican Grill,37.9834989,-122.0680195,Martinez,Pacheco Boulevard,5830,94553,2017-08-19,0.856
Pleasant Hill,37.9760571,-122.0655412,2017-05-04,MOD Pizza,37.9712824,-122.0566544,Concord,Diamond Boulevard,2015,94520,2017-12-12,0.943
Lincoln,38.8726451,-121.3039494,2017-05-25,Togo's,38.8750804,-121.302741,Lincoln,Ferrari Ranch Road,107,95648,2017-10-24,0.29
Lincoln,38.8726451,-121.3039494,2017-05-25,Loomis Nails,38.8182896,-121.1908799,,,,,2018-02-10,11.507
Lincoln,38.8726451,-121.3039494,2017-05-25,Burger King,38.8185213,-121.1903128,Loomis,horseshoe Bar Road,6075,95650,2018-02-10,11.536
Lincoln,38.8726451,-121.3039494,2017-05-25,Taco Bell,38.8181421,-121.1899125,Loomis,horseshoe Bar Road,6079,95650,2018-02-10,11.587
Lincoln,38.8726451,-121.3039494,2017-05-25,Subway,38.8185027,-121.1893153,,6099,,,2018-02-10,11.61
Daly City,37.6658642,-122.4693523,2017-07-27,Seniore's Pizza,37.7723075,-122.4297398,San Francisco,Haight Street,456,94117,2017-10-22,12.338
Daly City,37.6658642,-122.4693523,2017-07-27,Sunset Squares Slice Shop,37.7747353,-122.437923,San Francisco,Divisadero Street,553,94117,2017-09-11,12.418
Daly City,37.6658642,-122.4693523,2017-07-27,Ganim's,37.7625973,-122.3944174,,18th Street,1135,,2018-04-08,12.615
Daly City,37.6658642,-122.4693523,2017-07-27,El Pípila,37.7714318,-122.4049997,,Brannan Street,879,,2018-03-18,13.032
Daly City,37.6658642,-122.4693523,2017-07-27,Ninniku,37.7856979,-122.4330068,,Fillmore Street,1730,,2018-01-01,13.703
Union City,37.5992725,-122.0655942,2017-08-07,Carl's Jr.,37.5411591,-122.0265673,Newark,Thornton Avenue,5670,94560,2017-12-15,7.32
Union City,37.5992725,-122.0655942,2017-08-07,Taco Bell,37.5407018,-122.0269494,Newark,Thornton Avenue,5684,94560,2017-12-15,7.35
Union City,37.5992725,-122.0655942,2017-08-07,Taco Bell,37.694024,-122.0741765,Castro Valley,Redwood Road,20923;20925,94546,2017-12-03,10.563
Union City,37.5992725,-122.0655942,2017-08-07,KFC,37.6946899,-122.0719688,Castro Valley,Castro Valley Boulevard,3625,94546,2017-12-03,10.625
Union City,37.5992725,-122.0655942,2017-08-07,BLVD Burger,37.6948967,-122.0707096,,Castro Valley Boulevard,3714,,2018-01-31,10.642
Sacramento,38.4627254,-121.4918818,2017-08-24,Panda Express,38.4631015,-121.4926826,Sacramento,Delta Shores Circle South,8166,95832,2018-02-17,0.081
Sacramento,38.4627254,-121.4918818,2017-08-24,Chipotle,38.4650496,-121.4922719,Sacramento,Delta Shores Circle South,8124,95832,2017-12-14,0.261
Sacramento,38.4627254,-121.4918818,2017-08-24,Jersey Mike's Subs,38.4650655,-121.4923715,Sacramento,Delta Shores Circle South,8124,95832,2017-12-14,0.264
Sacramento,38.4627254,-121.4918818,2017-08-24,Jamba,38.465083,-121.492447,Sacramento,Delta Shores Circle South,8124,95832,2017-12-14,0.267
Sacramento,38.4627254,-121.4918818,2017-08-24,The Habit Burger Grill,38.4651221,-121.4926155,,,100,,2017-12-14,0.274
Rocklin,38.8019613,-121.2045078,2018-02-02,Wingstop,38.8003823,-121.204067,,,,,2018-02-03,0.18
Rocklin,38.8019613,-121.2045078,2018-02-02,MOD Pizza,38.8003807,-121.2038415,,,,,2018-02-03,0.185
Rocklin,38.8019613,-121.2045078,2018-02-02,Juice it Up!,38.8002111,-121.2045082,,,,,2018-02-06,0.195
Rocklin,38.8019613,-121.2045078,2018-02-02,Beach Hut Deli,38.8002119,-121.2046879,,,,,2018-02-02,0.195
Rocklin,38.8019613,-121.2045078,2018-02-02,Panda Express,38.800191,-121.2048002,,,,,2018-02-02,0.198
Seal Beach,33.7822106,-118.0725197,2018-07-21,Chipotle,33.782971,-118.0723529,Seal Beach,Seal Beach Boulevard,12359,90740,2018-07-21,0.086
Seal Beach,33.7822106,-118.0725197,2018-07-21,Rubio's,33.7817925,-118.0714553,,,,,2019-03-11,0.109
Seal Beach,33.7822106,-118.0725197,2018-07-21,Jamba,33.7815317,-118.0716041,,,,,2019-03-11,0.113
Seal Beach,33.7822106,-118.0725197,2018-07-21,Subway,33.7832246,-118.0723455,Seal Beach,Seal Beach Boulevard,12353,90740,2019-03-12,0.114
Seal Beach,33.7822106,-118.0725197,2018-07-21,Jersey Mike's Subs,33.781386,-118.0716066,,,,,2019-03-12,0.125
Santa Rosa,38.4606347,-122.7253056,2018-10-16,Panera Bread,38.4605318,-122.7186856,,,,,2019-05-23,0.577
Santa Rosa,38.4606347,-122.7253056,2018-10-16,Taco Bell,38.4579966,-122.7178794,Santa Rosa,Mendocino Avenue,1835,95401,2019-05-23,0.71
Santa Rosa,38.4606347,-122.7253056,2018-10-16,Jalisco's,38.4575395,-122.7170221,,Mendocino Avenue,1800,,2019-05-25,0.799
Santa Rosa,38.4606347,-122.7253056,2018-10-16,Ike's Love and Sandwiches,38.457176,-122.7167278,,,,,2019-05-25,0.84
Santa Rosa,38.4606347,-122.7253056,2018-10-16,Little Caesars,38.4546229,-122.7171662,,Mendocino Avenue,1470,,2019-05-23,0.974
Vallejo,38.1247963,-122.2277085,2019-01-13,Panera Bread,38.1338875,-122.2184101,Vallejo,Plaza Drive,169,94591,2019-08-31,1.297
Vallejo,38.1247963,-122.2277085,2019-01-13,Burger King,38.1237336,-122.254779,Vallejo,Sonoma Boulevard,3606,94590-2946,2019-03-10,2.371
Vallejo,38.1247963,-122.2277085,2019-01-13,Taco Bell,38.1233342,-122.2547914,Vallejo,Sonoma Boulevard,3600,94590,2019-03-10,2.375
Vallejo,38.1247963,-122.2277085,2019-01-13,Tacos Jalisco,38.1211411,-122.2548011,,,,,2019-03-10,2.405
Vallejo,38.1247963,-122.2277085,2019-01-13,Popeyes,38.1375274,-122.2556376,Vallejo,Sonoma Boulevard,4380,94589,2019-09-03,2.823
Corona,33.8440345,-117.5364822,2019-02-11,Tommy's,33.8444148,-117.5371511,,,,,2019-02-11,0.075
Corona,33.8440345,-117.5364822,2019-02-11,Miguel's Jr,33.8439966,-117.5373627,,,,,2019-02-11,0.081
Corona,33.8440345,-117.5364822,2019-02-11,El Pollo Loco,33.8439339,-117.538196,,,,,2019-02-11,0.159
Corona,33.8440345,-117.5364822,2019-02-11,Taco Bell,33.8457865,-117.5387869,Corona,East Ontario Avenue,1300,92881,2019-02-11,0.289
Corona,33.8440345,-117.5364822,2019-02-11,McDonald's,33.8462437,-117.539609,Corona,East Ontario Avenue,1298,92879,2019-02-11,0.379
San José,37.2518913,-121.8028645,2019-05-02,Little Caesars,37.2381541,-121.831438,San Jose,Snell Avenue,6025,95123,2020-01-02,2.955
San José,37.2518913,-121.8028645,2019-05-02,Subway,37.3003828,-121.822062,San Jose,East Capitol Expressway,1041,95121,2019-10-10,5.653
San José,37.2518913,-121.8028645,2019-05-02,Panda Express,37.2589128,-121.8731195,San Jose,Cherry Avenue,5150,95118,2019-12-17,6.267
San José,37.2518913,-121.8028645,2019-05-02,Firehouse Subs,37.2580229,-121.874573,San Jose,Cherry Avenue,5130,95118,2019-12-17,6.383
San José,37.2518913,-121.8028645,2019-05-02,MOD Pizza,37.2582363,-121.8745929,San Jose,Cherry Avenue,5130,95118,2019-12-17,6.387
Sacramento,38.6604251,-121.3571339,2019-06-10,Chick-fil-A,38.6605513,-121.3556947,Sacramento,Madison Avenue,4644,95841,2019-06-10,0.126
Sacramento,38.6604251,-121.3571339,2019-06-10,Jack in the Box,38.6612208,-121.3509473,Sacramento,Madison Avenue,4849,95841,2019-06-10,0.544
Sacramento,38.6604251,-121.3571339,2019-06-10,Domino's,38.6612632,-121.3469771,Sacramento,Auburn Boulevard,5051,95841,2019-06-10,0.887
Sacramento,38.6604251,-121.3571339,2019-06-10,El Pollo Loco,38.6618786,-121.3462947,Sacramento,Auburn Boulevard,,95841,2019-06-10,0.955
Sacramento,38.6604251,-121.3571339,2019-06-10,Little Caesars,38.661569,-121.3727529,,,,,2019-06-10,1.362
Garden Grove,33.7754004,-117.9933068,2019-06-22,Wendy's,33.7964773,-117.9924601,Stanton,Beach Boulevard,11430,90680,2019-07-05,2.345
Garden Grove,33.7754004,-117.9933068,2019-06-22,Bunz Gourmet Burgers,33.7343738,-117.998428,,Center Avenue,7491,92647,2020-01-18,4.586
Garden Grove,33.7754004,-117.9933068,2019-06-22,Pizza Hut Express,33.7454944,-118.1050604,Seal Beach,Pacific Coast Highway,640,90740,2020-01-19,10.853
Garden Grove,33.7754004,-117.9933068,2019-06-22,Taco Bell,33.7454722,-118.1051248,Seal Beach,Pacific Coast Highway,640,90740,2020-01-19,10.859
Garden Grove,33.7754004,-117.9933068,2019-06-22,McDonald's,33.7456528,-118.1053957,Seal Beach,Pacific Coast Highway,630,90740-5906,2020-01-19,10.877
Chino,33.9974131,-117.7185527,2019-07-08,Panda Express,33.9964571,-117.7157228,Chino,Grand Avenue,4021,91710,2019-11-06,0.282
Chino,33.9974131,-117.7185527,2019-07-08,Del Taco,33.9955419,-117.7156405,,,,,2019-11-06,0.34
Chino,33.9974131,-117.7185527,2019-07-08,Chipotle,34.0006766,-117.7315715,Chino Hills,City Center Drive,13920,91709,2019-07-08,1.254
Chino,33.9974131,-117.7185527,2019-07-08,Taco Bell,34.0120016,-117.7358201,Chino Hills,Chino Avenue,3140,91709,2019-10-22,2.273
Chino,33.9974131,-117.7185527,2019-07-08,Fazoli's,34.0156839,-117.7445235,,,,,2019-10-22,3.14
Ukiah,39.168719,-123.2104731,2019-08-02,Subway,39.1679451,-123.2091925,Ukiah,North State Street,1307,95482,2019-08-20,0.14
Ukiah,39.168719,-123.2104731,2019-08-02,Little Caesars,39.1679843,-123.2090266,,,,,2019-08-20,0.149
Ukiah,39.168719,-123.2104731,2019-08-02,KFC,39.1653348,-123.2102296,Ukiah,North State Street,1139,95482,2019-08-08,0.377
Ukiah,39.168719,-123.2104731,2019-08-02,Slush By The Park,39.1530141,-123.2215283,Ukiah,Clubhouse Drive,599,95482,2019-10-26,1.989
Ukiah,39.168719,-123.2104731,2019-08-02,Subway,39.1520532,-123.1992996,Ukiah,North Orchard Avenue,130,95482,2019-08-14,2.089
Long Beach,33.831659,-118.1430998,2019-08-10,MOD Pizza,33.8300993,-118.1431034,Long Beach,Lakewood Boulevard,3861,90808,2019-08-24,0.173
Long Beach,33.831659,-118.1430998,2019-08-10,Dunkin',33.8300997,-118.1432578,Long Beach,Lakewood Boulevard,3861,90808,2019-08-10,0.174
Long Beach,33.831659,-118.1430998,2019-08-10,Wahoo's Fish Taco,33.8305469,-118.144473,Long Beach,McGowen Street,4201,90808,2020-03-26,0.177
Long Beach,33.831659,-118.1430998,2019-08-10,Jimmy John's,33.7894266,-118.1392871,Long Beach,Ximeno Avenue,1775,90815,2020-02-13,4.709
Long Beach,33.831659,-118.1430998,2019-08-10,Jack in the Box,33.7596468,-118.1463235,Long Beach,East Ocean Boulevard,3980,90803,2019-10-20,8.013
Lathrop,37.8114308,-121.2980624,2019-10-10,Taco Bell,37.7860517,-121.2510449,Manteca,Daniels Street,1968,95337,2019-11-09,5.003
Lathrop,37.8114308,-121.2980624,2019-10-10,The Habit Burger Grill,37.7979394,-121.195843,Manteca,Yosemite Avenue,1325,95336,2019-12-30,9.105
Lathrop,37.8114308,-121.2980624,2019-10-10,Panera Bread,37.7979998,-121.195231,Manteca,East Yosemite Avenue,1355,95336,2019-12-30,9.157
Lathrop,37.8114308,-121.2980624,2019-10-10,Subway,37.7396816,-121.1370711,Ripon,West Main Street,1201,95366,2019-11-20,16.244
Lathrop,37.8114308,-121.2980624,2019-10-10,Del Taco,37.701079,-121.0743678,,,,,2019-11-09,23.18
Redding,40.53852,-122.3483858,2019-11-12,Shasta Pizza Company,40.5632212,-122.3390626,,,3035,,2020-03-25,2.857
Redding,40.53852,-122.3483858,2019-11-12,The Donut Corner,40.5654753,-122.3527077,,,2913,,2020-03-06,3.019
Redding,40.53852,-122.3483858,2019-11-12,Subarama,40.5680302,-122.3594381,,,,,2019-12-04,3.412
Redding,40.53852,-122.3483858,2019-11-12,Papa Murphy's,40.5724979,-122.3501652,Redding,East Cypress Avenue,1090,96002,2020-03-05,3.781
Redding,40.53852,-122.3483858,2019-11-12,Little Caesars,40.5725175,-122.3504821,Redding,East Cypress Avenue,1080,96002,2020-03-05,3.784
Fresno,36.8522428,-119.7905024,2019-11-18,Chick-fil-A,36.8528294,-119.790492,Fresno,North Blackstone Avenue,8040,93720,2019-11-18,0.065
Fresno,36.8522428,-119.7905024,2019-11-18,McDonald's,36.7119179,-119.5575611,Sanger,Academy Avenue,295,93657-2128,2020-01-18,25.958
Fresno,36.8522428,-119.7905024,2019-11-18,Carl's Jr.,36.9775146,-120.07376,Madera,Country Club Drive,1305,93638,2020-01-23,28.778
Fresno,36.8522428,-119.7905024,2019-11-18,Panda Express,36.9742755,-120.079109,Madera,West Cleveland Avenue,1900,93638,2020-01-23,29.026
Fresno,36.8522428,-119.7905024,2019-11-18,Sonic,36.9791865,-120.0859818,Madera,North Schnoor Avenue,2105,93637,2020-01-23,29.821
Lodi,38.1159113,-121.3081644,2019-12-06,KFC,38.1149224,-121.3092642,Lodi,West Kettleman Lane,2712,95242,2020-05-16,0.146
Lodi,38.1159113,-121.3081644,2019-12-06,Panera Bread,38.1170313,-121.3071153,Lodi,West Kettleman Lane,2533,95242,2020-05-16,0.155
Lodi,38.1159113,-121.3081644,2019-12-06,Subway,38.1140065,-121.3061328,Lodi,West Kettleman Lane,2434,95242,2020-05-16,0.276
Lodi,38.1159113,-121.3081644,2019-12-06,Taco Bell,38.1150485,-121.3039811,Lodi,West Kettleman Lane,2380,95242,2020-05-16,0.378
Lodi,38.1159113,-121.3081644,2019-12-06,Farmer Boys,38.1151577,-121.3025706,,,,,2020-05-16,0.496
El Cajon,32.8081686,-116.9629506,2020-11-25,Panera Bread,32.8073285,-116.9717972,El Cajon,Fletcher Parkway,733,92020,2021-06-19,0.832
El Cajon,32.8081686,-116.9629506,2020-11-25,Little Caesars,32.8081927,-116.9719985,El Cajon,Fletcher Parkway,750,92020,2021-06-19,0.846
El Cajon,32.8081686,-116.9629506,2020-11-25,Papa John's,32.7947436,-116.9401765,El Cajon,East Main Street,1201,92021,2021-06-17,2.6
El Cajon,32.8081686,-116.9629506,2020-11-25,El Cilantro Mexican Grill,32.8000641,-116.9366531,El Cajon,East Madison Avenue,1285,92021,2021-06-24,2.618
El Cajon,32.8081686,-116.9629506,2020-11-25,Carl's Jr.,32.8007355,-116.9362014,El Cajon,North 2nd Street,520,92021,2021-06-29,2.633
Upland,34.1357314,-117.6347403,2020-12-22,Jersey Mike's Subs,34.1337329,-117.6380663,,,,,2021-03-30,0.378
Upland,34.1357314,-117.6347403,2020-12-22,Panera Bread,34.1325955,-117.6367344,Upland,East 19th Street,1053,91784,2021-09-20,0.394
Upland,34.1357314,-117.6347403,2020-12-22,Chipotle,34.1324089,-117.6365246,Upland,East 19th Street,1053,91784,2021-09-20,0.404
Upland,34.1357314,-117.6347403,2020-12-22,The Habit Burger Grill,34.1323082,-117.6363758,,,,,2021-09-20,0.409
Upland,34.1357314,-117.6347403,2020-12-22,Nékter Juice Bar,34.1322607,-117.636286,,,,,2021-09-20,0.411
Norwalk,33.8871104,-118.1015981,2020-12-31,Subway,33.8761933,-118.1409161,,,,,2021-07-22,3.827
Norwalk,33.8871104,-118.1015981,2020-12-31,Little Caesars,33.875543,-118.1409322,,,,,2021-07-22,3.852
Norwalk,33.8871104,-118.1015981,2020-12-31,Fatimas Grill,33.9439956,-118.1407665,Downey,Firestone Boulevard,7840,90241,2021-06-23,7.285
Norwalk,33.8871104,-118.1015981,2020-12-31,Panda Express,33.8319053,-118.1592998,Lakewood,Carson Street,2718,90712,2021-08-14,8.128
Norwalk,33.8871104,-118.1015981,2020-12-31,Subway,33.8319186,-118.1595975,Lakewood,Carson Street,2706,90712,2021-08-14,8.145
Gardena,33.8731537,-118.3075291,2021-02-16,Jollibee,33.8495422,-118.3530246,,Hawthorne Boulevard,20100,,2021-09-16,4.954
Gardena,33.8731537,-118.3075291,2021-02-16,The Flame Broiler,33.8939559,-118.3615926,,,,,2021-08-29,5.501
Gardena,33.8731537,-118.3075291,2021-02-16,Açaí Republic,33.8939568,-118.3617331,,,,,2021-08-29,5.512
Gardena,33.8731537,-118.3075291,2021-02-16,Phở & Poké Bar,33.8372047,-118.34884,,,,,2021-08-30,5.525
Gardena,33.8731537,-118.3075291,2021-02-16,Chicken Dijon,33.837191,-118.3489034,,,,,2021-08-30,5.531
Rancho Mission Viejo,33.5203113,-117.6191636,2021-05-17,Jack in the Box,33.5833564,-117.6320562,Rancho Santa Margarita,Oso Parkway,28592,92688,2021-12-09,7.111
Rancho Mission Viejo,33.5203113,-117.6191636,2021-05-17,Taco Bell,33.5834834,-117.6328561,Rancho Santa Margarita,Oso Parkway,28532,92688,2021-12-09,7.138
Rancho Mission Viejo,33.5203113,-117.6191636,2021-05-17,Jamba,33.5542535,-117.6873537,Laguna Niguel,Crown Valley Parkway,28241,92677,2021-08-10,7.361
Rancho Mission Viejo,33.5203113,-117.6191636,2021-05-17,Pizza Hut Express,33.4217941,-117.6087702,San Clemente,South El Camino Real,918,92672,2021-11-29,10.997
Rancho Mission Viejo,33.5203113,-117.6191636,2021-05-17,Taco Bell,33.4217764,-117.6088071,San Clemente,South El Camino Real,918,92672,2021-11-29,10.999
La Habra,33.9400192,-117.9660335,2021-07-30,Subway,33.9405292,-117.9846395,Whittier,Whittier Boulevard,16228,90603,2022-04-20,1.717
La Habra,33.9400192,-117.9660335,2021-07-30,Flame Broiler,33.8972509,-118.0082082,,,,,2022-04-01,6.145
La Habra,33.9400192,-117.9660335,2021-07-30,Subway,33.8974532,-118.0088156,La Mirada,Rosecrans Avenue,15076,90638,2022-04-01,6.163
La Habra,33.9400192,-117.9660335,2021-07-30,Liang Crispy Roll,33.9892057,-117.9046863,,Colima Road,18333,91744,2022-01-06,7.869
La Habra,33.9400192,-117.9660335,2021-07-30,Panera Bread,33.861256,-117.9239063,Fullerton,Harbor Boulevard,1028,92832,2021-11-02,9.582
Yucaipa,34.0271552,-117.1182477,2021-08-05,Baker's Drive Thru,34.0276899,-117.1184748,Yucaipa,Avenue E,31453,92399,2021-08-05,0.063
Yucaipa,34.0271552,-117.1182477,2021-08-05,El Pollo Loco,34.0342817,-117.0739815,Yucaipa,Yucaipa Boulevard,33478,92399,2022-02-11,4.155
Yucaipa,34.0271552,-117.1182477,2021-08-05,Jack in the Box,33.9664093,-117.0372105,Calimesa,Cherry Valley Boulevard,1016,92320,2021-09-13,10.072
Yucaipa,34.0271552,-117.1182477,2021-08-05,Wingstop,33.9658466,-117.0368161,Calimesa,Cherry Valley Boulevard,1032,92320,2022-03-18,10.141
Yucaipa,34.0271552,-117.1182477,2021-08-05,WaBa Grill,33.9657777,-117.036864,Calimesa,Cherry Valley Boulevard,1032,92320,2022-03-18,10.142
Modesto,37.6694708,-121.035645,2021-08-22,Unknown,37.6719929,-121.0357538,,,,,2022-03-11,0.281
Modesto,37.6694708,-121.035645,2021-08-22,Unknown,37.6719683,-121.0351628,,,,,2022-03-11,0.281
Modesto,37.6694708,-121.035645,2021-08-22,Panda Express,37.6680675,-121.0302476,,,,,2022-03-11,0.5
Modesto,37.6694708,-121.035645,2021-08-22,Unknown,37.6590186,-121.031505,,,,,2022-03-11,1.218
Modesto,37.6694708,-121.035645,2021-08-22,KFC,37.8113872,-121.2927141,Lathrop,East Louise Avenue,150,95330,2022-02-16,27.568
Riverside,33.9156675,-117.4420167,2021-10-07,Pizza Hut Express,33.9031906,-117.4667643,,,,,2022-01-26,2.672
Riverside,33.9156675,-117.4420167,2021-10-07,Unknown,33.9030818,-117.4670851,,,,,2022-01-21,2.704
Riverside,33.9156675,-117.4420167,2021-10-07,Wendy's,33.9462956,-117.47295,Riverside,Arlington Avenue,10020,92503,2022-03-21,4.443
Riverside,33.9156675,-117.4420167,2021-10-07,Carl's Jr.,33.9035564,-117.4942376,Riverside,Riverwalk Parkway,4240,92505,2021-12-17,5.004
Riverside,33.9156675,-117.4420167,2021-10-07,Vicky's,33.9763218,-117.4640808,,,,,2022-02-02,7.045
Eastvale,33.9986251,-117.5577211,2021-11-04,MOD Pizza,34.0004595,-117.5577649,Eastvale,Cantu-Galleano Ranch Road,12585,91752,2021-11-04,0.204
Eastvale,33.9986251,-117.5577211,2021-11-04,Chick-fil-A,33.9958957,-117.5577118,Eastvale,Hamner Avenue,5080,91752,2021-11-04,0.303
Eastvale,33.9986251,-117.5577211,2021-11-04,Waba Grill,33.9746762,-117.561904,Eastvale,Limonite Avenue,12762,92880,2021-11-22,2.691
Eastvale,33.9986251,-117.5577211,2021-11-04,Panera Bread,33.9737638,-117.554444,Eastvale,Limonite Avenue,12376,91752,2021-11-04,2.781
Eastvale,33.9986251,-117.5577211,2021-11-04,Miguel's Jr,33.9766059,-117.5753917,Eastvale,Limonite Avenue,13382,92880,2021-11-29,2.941
Valencia,34.4208274,-118.5827921,2021-11-25,McDonald's,34.4229033,-118.5844456,Valencia,The Old Road,27618,91355,2022-07-28,0.276
Valencia,34.4208274,-118.5827921,2021-11-25,Subway,34.4097966,-118.5785744,Valencia,The Old Road,25902,91381,2022-07-21,1.286
Valencia,34.4208274,-118.5827921,2021-11-25,Panda Express,34.408082,-118.5789811,Valencia,The Old Road,26826,91355,2021-12-14,1.46
Valencia,34.4208274,-118.5827921,2021-11-25,Noah's Bagels,34.3922464,-118.5732736,,,,,2021-12-14,3.296
Valencia,34.4208274,-118.5827921,2021-11-25,MOD Pizza,34.3923069,-118.5730061,Stevenson Ranch,The Old Road,25910,91381,2021-12-14,3.296
Bellflower,33.8752029,-118.1255596,2021-12-19,Dunkin',33.8745444,-118.1249227,Bellflower,Bellflower Boulevard,17404,90706,2021-12-19,0.094
Bellflower,33.8752029,-118.1255596,2021-12-19,Wingstop,33.8745495,-118.1248355,Bellflower,Bellflower Boulevard,17404,90706,2021-12-19,0.099
Bellflower,33.8752029,-118.1255596,2021-12-19,Jenny's Donuts & Croissants,33.8739562,-118.1254457,,,,,2021-12-19,0.139
Bellflower,33.8752029,-118.1255596,2021-12-19,Yummi Yummi Bionicos,33.8785584,-118.1253944,,,,,2021-12-21,0.373
Bellflower,33.8752029,-118.1255596,2021-12-19,The Flame Broiler,33.8464835,-118.080006,,,,,2022-06-28,5.281
San Diego,32.7909651,-117.0998984,2022,Rolbertos,32.8106421,-117.1161675,San Diego,Murphy Canyon Road,3755,92123,2022-01-13,2.664
San Diego,32.7909651,-117.0998984,2022,Jersey Mike's Subs,32.8108072,-117.1160268,San Diego,Murphy Canyon Road,3755,92123,2022-01-13,2.672
San Diego,32.7909651,-117.0998984,2022,The Friendly,32.7607045,-117.1303766,,30th Street,4592,92116,2022-02-02,4.409
San Diego,32.7909651,-117.0998984,2022,Smashburger,32.7606288,-117.0675789,San Diego,El Cajon Boulevard,6061,92115,2022-05-27,4.529
San Diego,32.7909651,-117.0998984,2022,Donut Star,32.7499569,-117.1005745,,,,,2022-03-05,4.56
Moorpark,34.2801745,-118.8653968,2022-01-17,Subway,34.2780245,-118.8734125,Moorpark,East New Los Angeles Avenue,530,93021,2022-01-17,0.774
Moorpark,34.2801745,-118.8653968,2022-01-17,Jersey Mike's Subs,34.2778527,-118.8831175,,,,,2022-01-17,1.649
Moorpark,34.2801745,-118.8653968,2022-01-17,Subway,34.2954217,-118.842888,Moorpark,Collins Drive,6599,93021,2022-01-17,2.674
Moorpark,34.2801745,-118.8653968,2022-01-17,The Habit Burger Grill,34.2240025,-118.8769628,,,,,2022-03-06,6.336
Moorpark,34.2801745,-118.8653968,2022-01-17,Ullman Commons,34.2235658,-118.8784911,Thousand Oaks,Memorial Parkway,101,91360,2022-03-06,6.409
Riverside,33.8885274,-117.2744429,2022-06-03,Unknown,33.8442627,-117.2250838,,,,,2022-08-08,6.708
Riverside,33.8885274,-117.2744429,2022-06-03,Chick-fil-A,33.8022421,-117.2305679,Perris,North Perris Boulevard,1688,92571,2022-07-28,10.415
Riverside,33.8885274,-117.2744429,2022-06-03,Burger King,33.8030301,-117.2265601,Perris,North Perris Road,1688,92571,2022-07-28,10.485
Riverside,33.8885274,-117.2744429,2022-06-03,Del Taco,33.8024727,-117.226574,,,,,2022-07-28,10.541
Riverside,33.8885274,-117.2744429,2022-06-03,El Pollo Loco,33.8007562,-117.2286002,,,,,2022-07-28,10.638
Brea,33.9120433,-117.8894703,2022-09-27,La Carcineria Wagyu,33.9253115,-117.8961364,,,,,2023-04-01,1.598
Brea,33.9120433,-117.8894703,2022-09-27,Poke Monster,33.9252931,-117.8963464,,,,,2023-04-01,1.604
Brea,33.9120433,-117.8894703,2022-09-27,Wingstop,33.8778017,-117.8814616,Fullerton,Nutwood Avenue,2736,92831,2022-12-27,3.879
Brea,33.9120433,-117.8894703,2022-09-27,Taco Bell,33.9176156,-117.9369765,La Habra,East Imperial Highway,751,90631,2022-10-05,4.427
Brea,33.9120433,-117.8894703,2022-09-27,Pizza Hut Delivery,33.8897441,-117.848125,Placentia,East Yorba Linda Boulevard,901,92870,2022-11-23,4.551
Elk Grove,38.4086698,-121.4128061,2022-11-20,Sourdough Deli,38.4083301,-121.4135955,Elk Grove,,,,2022-11-20,0.078
Elk Grove,38.4086698,-121.4128061,2022-11-20,The Sandwich Spot,38.4243551,-121.4172985,Elk Grove,,7419,,2022-11-23,1.788
Elk Grove,38.4086698,-121.4128061,2022-11-20,L&L Hawaiian Barbecue,38.424426,-121.4173192,Elk Grove,,7419,,2022-11-23,1.796
Elk Grove,38.4086698,-121.4128061,2022-11-20,Jack in the Box,38.4227913,-121.4488162,,,,,2023-06-15,3.508
Elk Grove,38.4086698,-121.4128061,2022-11-20,McDonald's,38.5549214,-121.3723113,Sacramento,Folsom Boulevard,8901,95826-3203,2023-07-31,16.64
San Clemente,33.4370384,-117.6234649,2022-12-10,Taco Surf,33.4672165,-117.696749,Dana Point,Pacific Coast Highway,34195,92629,2023-01-20,7.582
San Clemente,33.4370384,-117.6234649,2022-12-10,Chick-fil-A,33.4994169,-117.6592105,San Juan Capistrano,Del Obispo Street,31872,92675,2023-02-20,7.688
San Clemente,33.4370384,-117.6234649,2022-12-10,Nékter Juice Bar,33.5505873,-117.6711702,Mission Viejo,Marguerite Parkway,28391,92692,2023-04-14,13.379
San Clemente,33.4370384,-117.6234649,2022-12-10,Mr. Pickle's Sandwich Shop,33.5522847,-117.671483,Mission Viejo,Marguerite Parkway,28251,92692,2023-04-14,13.566
San Clemente,33.4370384,-117.6234649,2022-12-10,Poke Tiki,33.5338315,-117.7765594,,,,,2022-12-29,17.816
Yorba Linda,33.8908167,-117.8151486,2022-12-15,Wingstop,33.8778017,-117.8814616,Fullerton,Nutwood Avenue,2736,92831,2022-12-27,6.29
Yorba Linda,33.8908167,-117.8151486,2022-12-15,Panera Bread,33.8684958,-117.7496011,Anaheim,Santa Ana Canyon Road,8152,92808,2023-04-04,6.54
Yorba Linda,33.8908167,-117.8151486,2022-12-15,Subway,33.822601,-117.8365012,Orange,North Tustin Street,2094,92865,2023-01-21,7.837
Yorba Linda,33.8908167,-117.8151486,2022-12-15,La Carcineria Wagyu,33.9253115,-117.8961364,,,,,2023-04-01,8.401
Yorba Linda,33.8908167,-117.8151486,2022-12-15,Poke Monster,33.9252931,-117.8963464,,,,,2023-04-01,8.417
Beaumont,33.9226782,-116.9518217,2022-12-16,Manna Donuts,33.9297765,-116.9706295,Beaumont,East 6th Street,846,92223,2023-04-26,1.906
Beaumont,33.9226782,-116.9518217,2022-12-16,Chipotle,34.0692686,-117.2620279,San Bernardino,East Hospitality Lane,1092,92408,2023-04-27,32.917
Beaumont,33.9226782,-116.9518217,2022-12-16,Panera Bread,34.0693287,-117.2630454,San Bernardino,East Hospitality Lane,1056,92408,2023-04-27,33.002
Beaumont,33.9226782,-116.9518217,2022-12-16,WaBa Grill,33.6865768,-117.1684827,,,,,2023-02-11,33.015
Beaumont,33.9226782,-116.9518217,2022-12-16,Jamba,33.6865974,-117.1685378,Menifee,Antelope Road,29857,92584,2023-02-11,33.016
Whittier,33.9798437,-118.0506858,2023-03-07,Raising Cane's,33.9792882,-118.0502402,,,,,2023-03-07,0.074
Whittier,33.9798437,-118.0506858,2023-03-07,Chipotle,33.9780457,-118.0493383,Whittier,Whittier Boulevard,11840,90601,2023-03-07,0.235
Whittier,33.9798437,-118.0506858,2023-03-07,Subway,33.9822115,-118.0505324,Whittier,Whittier Boulevard,11747,90601,2023-08-30,0.264
Whittier,33.9798437,-118.0506858,2023-03-07,Chipotle,33.9411007,-118.0461146,Whittier,Carmenita Road,10120,90605,2023-09-12,4.329
Whittier,33.9798437,-118.0506858,2023-03-07,Mom's Touch,34.0285191,-118.0155601,,,,,2023-11-25,6.307
Tulare,36.2254962,-119.323274,2023-04-07,Raising Cane's,36.2254035,-119.3238613,,,,,2023-04-07,0.054
Tulare,36.2254962,-119.323274,2023-04-07,Sonic,36.2267916,-119.330368,Tulare,North Hillman Street,1400,93274,2023-12-13,0.652
Tulare,36.2254962,-119.323274,2023-04-07,Taco Bell,36.2272233,-119.3304823,Tulare,North Hillman Street,1520,93274,2023-12-13,0.674
Tulare,36.2254962,-119.323274,2023-04-07,Del Taco,36.2268189,-119.331408,,North Hillman Street,1415,,2023-12-13,0.744
Tulare,36.2254962,-119.323274,2023-04-07,Jamba,36.2291938,-119.3314125,Tulare,North Hillman Street,1681,93274,2023-12-13,0.838
Eureka,40.7843166,-124.1832519,2023-05-07,KFC,40.7873244,-124.1803762,Eureka,Broadway,2245,95501,2023-05-07,0.413
Eureka,40.7843166,-124.1832519,2023-05-07,Drop In Donut,39.4441105,-123.8050226,,East Redwood Avenue,132,,2023-06-21,152.455
Eureka,40.7843166,-124.1832519,2023-05-07,Taco Bell,39.4325144,-123.805692,Fort Bragg,South Main Street,695,95437,2023-05-13,153.704
Eureka,40.7843166,-124.1832519,2023-05-07,McDonald's,39.4239823,-123.8069067,,,,,2023-05-13,154.611
Eureka,40.7843166,-124.1832519,2023-05-07,McDonald's,40.5392099,-122.3532332,Redding,South Bonnyview Road,4032,96002,2023-11-27,156.745
Huntington Beach,33.7298886,-117.9906321,2023-07-15,Taco Bell,33.7297461,-117.9983594,Huntington Beach,Edinger Avenue,7480,92647,2024-03-17,0.715
Huntington Beach,33.7298886,-117.9906321,2023-07-15,Panda Express,33.6924946,-117.9892286,Huntington Beach,Beach Boulevard,18575,92648,2024-03-17,4.16
Huntington Beach,33.7298886,-117.9906321,2023-07-15,Jack in the Box,33.786809,-118.0290036,Garden Grove,Valley View Street,12103,92845,2023-11-15,7.256
Huntington Beach,33.7298886,-117.9906321,2023-07-15,McDonald's,33.7873898,-118.0289413,Garden Grove,Valley View Street,12051,92845,2023-11-15,7.309
Huntington Beach,33.7298886,-117.9906321,2023-07-15,Unknown,33.7593505,-117.9034508,,,,,2023-11-19,8.701
Rancho Mirage,33.7363437,-116.4076788,2023-10-08,McDonald's,33.8014336,-116.3886568,Rancho Mirage,Monterey Avenue,34101,92270,2024-03-27,7.448
Rancho Mirage,33.7363437,-116.4076788,2023-10-08,McDonald's,33.821975,-116.4065567,Cathedral City,Bob Hope Drive,31250,92234,2024-03-27,9.522
Rancho Mirage,33.7363437,-116.4076788,2023-10-08,McDonald's,33.8193767,-116.4586112,Cathedral City,Date Palm Drive,31-545,92234-3138,2024-03-27,10.364
Rancho Mirage,33.7363437,-116.4076788,2023-10-08,Swiss Donut,33.7162773,-116.2938651,La Quinta,Highway 111,78530,92253,2024-01-12,10.759
Rancho Mirage,33.7363437,-116.4076788,2023-10-08,Wendy's,33.70605,-116.2816986,La Quinta,Highway 111,79275,92253,2023-12-13,12.129
Visalia,36.3566491,-119.2974745,2024-01-04,El Pollo Loco,36.3566085,-119.2985527,Visalia,W Riggin Ave,636,93291,2024-01-04,0.097
Visalia,36.3566491,-119.2974745,2024-01-04,Chipotle,36.3578037,-119.2974105,,,,,2024-08-11,0.129
Visalia,36.3566491,-119.2974745,2024-01-04,Del Taco,36.3558596,-119.2957113,,,,,2024-03-15,0.181
Visalia,36.3566491,-119.2974745,2024-01-04,Jack in the Box,36.36027,-119.2962972,Visalia,W Dinuba Blvd,3416,93291,2024-01-04,0.416
Visalia,36.3566491,-119.2974745,2024-01-04,Taco Bell,36.3514494,-119.297431,Visalia,North Dinuba Boulevard,2421,93291,2024-04-21,0.578
Rialto,34.0745597,-117.3708177,2024-03-25,Domino's,34.0676968,-117.3271092,,,,,2024-10-27,4.098
Rialto,34.0745597,-117.3708177,2024-03-25,McDonald's,34.0676488,-117.3266515,,Valley Boulevard,225,92324-2933,2024-10-27,4.14
Rialto,34.0745597,-117.3708177,2024-03-25,McDonald's,34.1210503,-117.3708535,Rialto,West Baseline Road,111,92376,2024-06-25,5.17
Rialto,34.0745597,-117.3708177,2024-03-25,McDonald's,34.091746,-117.3141337,,South Mount Vernon Avenue,568,92410,2024-10-27,5.559
Rialto,34.0745597,-117.3708177,2024-03-25,Panda Express,34.0778564,-117.4366682,Fontana,San Bernardino Avenue,16858,92335,2024-12-18,6.076
Compton,33.8726142,-118.2481617,2024-04-14,Jimmy John's,33.8718492,-118.2481241,Compton,South Central Avenue,2236,90220,2024-04-14,0.085
Compton,33.8726142,-118.2481617,2024-04-14,WaBa Grill,33.8718492,-118.2479704,,,,,2024-04-14,0.087
Compton,33.8726142,-118.2481617,2024-04-14,Dunkin',33.8718492,-118.2478824,Compton,South Central Avenue,2232,90220,2024-04-14,0.089
Compton,33.8726142,-118.2481617,2024-04-14,The Flame Broiler,33.8715302,-118.2489813,,,,,2024-04-14,0.142
Compton,33.8726142,-118.2481617,2024-04-14,Columbia Hamburgers,33.8711804,-118.249004,,,,,2024-04-14,0.177
La Quinta,33.71257,-116.29265,2024-05-04,Unknown,33.7407905,-116.2639506,,,,,2024-12-10,4.11
La Quinta,33.71257,-116.29265,2024-05-04,McDonald's,33.741589,-116.2649766,,,,,2024-12-10,4.118
La Quinta,33.71257,-116.29265,2024-05-04,Unknown,33.7413537,-116.2638621,,,,,2024-12-10,4.163
La Quinta,33.71257,-116.29265,2024-05-04,Del Taco,33.708495,-116.2415454,,,,,2024-12-08,4.749
La Quinta,33.71257,-116.29265,2024-05-04,Carl's Jr.,33.7123479,-116.2377945,,,,,2024-12-08,5.074
San Diego,32.5774169,-117.0805352,2024-05-04,Raising Cane's,32.5843149,-117.1140669,Imperial Beach,Palm Avenue,900,91932,2024-06-30,3.234
San Diego,32.5774169,-117.0805352,2024-05-04,Jack in the Box,32.5842244,-117.1146708,Imperial Beach,Palm Avenue,890,91932,2024-06-30,3.287
San Diego,32.5774169,-117.0805352,2024-05-04,La Imperial Taqueria,32.6049499,-117.06537,,,,,2024-12-19,3.375
San Diego,32.5774169,-117.0805352,2024-05-04,El Pollo Loco,32.606602,-117.0658454,Chula Vista,3rd Avenue,1305,91911,2024-07-12,3.525
San Diego,32.5774169,-117.0805352,2024-05-04,McDonald's,32.613296,-117.0694836,Chula Vista,3rd Avenue,1110,91911,2024-12-18,4.122
Jurupa Valley,34.0146824,-117.4618363,2024-06-27,Pollo Campero,34.0146295,-117.4610811,Jurupa Valley,Mission Boulevard,8149,92509,2024-07-23,0.07
Jurupa Valley,34.0146824,-117.4618363,2024-06-27,Jack in the Box,34.01778,-117.5059105,,,,,2024-11-29,4.077
Jurupa Valley,34.0146824,-117.4618363,2024-06-27,Wienerschnitzel,34.0169896,-117.5068697,,,,,2024-11-29,4.159
Jurupa Valley,34.0146824,-117.4618363,2024-06-27,Farmer Boys,34.0147664,-117.5239354,Jurupa Valley,Etiwanda Avenue,,,2025-03-21,5.724
Jurupa Valley,34.0146824,-117.4618363,2024-06-27,Unknown,34.0635623,-117.493899,,,,,2024-08-09,6.186
Santa Rosa,38.414588,-122.7129892,2024-08-17,Unknown,38.414567,-122.7129751,,,,,2025-04-07,0.003
Santa Rosa,38.414588,-122.7129892,2024-08-17,Superburger,38.3260516,-122.705645,Cotati,Old Redwood Highway,8204,94931,2024-10-11,9.866
Santa Rosa,38.414588,-122.7129892,2024-08-17,Acme Burger,38.268836,-122.6399624,,,,,2024-12-24,17.413
Santa Rosa,38.414588,-122.7129892,2024-08-17,Jack in the Box,38.2022708,-122.158393,,,,,2024-09-30,53.842
Santa Rosa,38.414588,-122.7129892,2024-08-17,KFC,37.9912741,-122.3021871,Pinole,Fitzgerald Drive,1544,94564,2025-03-13,59.196
Perris,33.8003136,-117.2315808,2024-12-07,The Habit Burger Grill,33.8880521,-117.2270799,Moreno Valley,Iris Avenue,24875,92551,2025-05-04,9.765
Perris,33.8003136,-117.2315808,2024-12-07,WaBa Grill,33.8864996,-117.3002145,Riverside,Van Buren Boulevard,20641,92518,2025-05-04,11.49
Perris,33.8003136,-117.2315808,2024-12-07,Mr. You Chinese Food,33.8896309,-117.3259503,,,,,2025-07-03,13.213
Perris,33.8003136,-117.2315808,2024-12-07,Taco Bell,33.9166809,-117.2686166,Moreno Valley,Alessandro Boulevard,22585,92553,2025-07-13,13.384
Perris,33.8003136,-117.2315808,2024-12-07,Unknown,33.6698732,-117.3266353,,,,,2025-05-23,16.96
,33.5001585,-117.6602527,2025-02-10,In-N-Out Burger,33.5203113,-117.6191636,,,,,2025-09-01,4.42
,33.5001585,-117.6602527,2025-02-10,Nekter Juice Bar,33.5218643,-117.6174321,,,,,2025-09-01,4.646
,33.5001585,-117.6602527,2025-02-10,Bagel Bistro,33.521953,-117.6174434,,,,,2025-09-01,4.65
,33.5001585,-117.6602527,2025-02-10,c,33.5865488,-117.6285863,,,,,2025-09-01,10.044
,33.5001585,-117.6602527,2025-02-10,Jersey Mike's Subs,33.6094761,-117.7313768,Laguna Woods,El Toro Road,24365,92637,2025-06-16,13.827
Delano,35.7473667,-119.2476327,2025-04-07,Unknown,35.7478943,-119.2483853,,,,,2025-11-11,0.09
Delano,35.7473667,-119.2476327,2025-04-07,Tacos La Villa,35.4130807,-119.0525011,Bakersfield,State Road,5646,93308,2025-11-13,41.147
Delano,35.7473667,-119.2476327,2025-04-07,Nékter Juice Bar,35.3992898,-119.0918567,Bakersfield,Coffee Road,4420,93308,2025-11-30,41.189
Delano,35.7473667,-119.2476327,2025-04-07,J's Drive-in,36.0638221,-119.0085126,,East Olive Avenue,373,93257,2025-12-09,41.256
Delano,35.7473667,-119.2476327,2025-04-07,Papa Murphy's,35.3821962,-119.1476705,,,,,2025-11-16,41.6
Orange,33.7853623,-117.8912184,2025-09-06,Auntie Anne's,33.7831823,-117.8920994,Orange,City Boulevard West,20,92868,2025-12-09,0.256
Orange,33.7853623,-117.8912184,2025-09-06,Cinnabon,33.783169,-117.8920905,Orange,City Boulevard West,20,92868,2025-12-09,0.257
Orange,33.7853623,-117.8912184,2025-09-06,Wetzel's Pretzels,33.7820137,-117.8927547,Orange,City Boulevard West,20,92868,2025-12-09,0.398
Orange,33.7853623,-117.8912184,2025-09-06,Charleys Philly Steaks,33.7818991,-117.8923902,Orange,City Boulevard West,20,92868,2025-12-09,0.4
Orange,33.7853623,-117.8912184,2025-09-06,Jack in the Box,33.752086,-117.9205544,,,,,2026-03-09,4.587
Indio,33.7407426,-116.2330971,2025-09-14,Raising Cane's,33.7416013,-116.23345,Indio,Avenue 42,82171,92203,2025-09-14,0.101
Indio,33.7407426,-116.2330971,2025-09-14,Panda Express,33.6837905,-116.1804845,Coachella,Cesar Chavez Street,50120,92236,2025-10-20,7.987
Indio,33.7407426,-116.2330971,2025-09-14,Unknown,33.6445486,-116.2005945,,,,,2025-10-21,11.111
Indio,33.7407426,-116.2330971,2025-09-14,Unknown,33.7312351,-116.3657373,,,,,2026-02-26,12.311
Indio,33.7407426,-116.2330971,2025-09-14,Del Taco,33.7978832,-116.3876517,Palm Desert,Monterey Avenue,3450,92211,2026-02-22,15.635
Chula Vista,32.5944432,-117.0344183,2025-10-09,Fruity Loco,32.707247,-117.0098146,Spring Valley,Sweetwater Road,507,91977,2025-10-31,12.753
Chula Vista,32.5944432,-117.0344183,2025-10-09,Little Caesars,32.7075001,-117.0089524,Spring Valley,Sweetwater Road,539,91977,2025-10-31,12.795
Chula Vista,32.5944432,-117.0344183,2025-10-09,Topo's Tacos,32.7105084,-117.0567267,,,,,2025-12-17,13.074
Chula Vista,32.5944432,-117.0344183,2025-10-09,Machela,32.7095379,-117.0637097,,,,,2025-12-17,13.088
Chula Vista,32.5944432,-117.0344183,2025-10-09,Milk & Cookies,32.7099126,-117.155385,San Diego,North 10th Avenue,445,92101,2025-11-12,17.121
,37.6886244,-120.9586361,2025-10-19,Raising Cane's,37.7114011,-120.962892,,,,,2025-10-19,2.56
,37.6886244,-120.9586361,2025-10-19,Wendy's,37.7114918,-120.9666509,,,,,2025-10-19,2.639
,37.6886244,-120.9586361,2025-10-19,Sourdough & Co.,37.6451036,-120.9912645,Modesto,H Street,1801,95354,2025-11-07,5.627
,37.6886244,-120.9586361,2025-10-19,The Sandwhich Shop,37.6456993,-121.0131718,Modesto,Kansas Avenue,442,95351,2025-11-05,6.769
,37.6886244,-120.9586361,2025-10-19,Auntie Anne's,37.6887441,-121.0535072,Modesto,Dale Road,3401,95356,2026-01-28,8.348
Sylmar,34.3109765,-118.4358181,2025-10-28,Subway,34.2909494,-118.4485266,San Fernando,Truman Street,1701,91340,2026-01-27,2.514
Sylmar,34.3109765,-118.4358181,2025-10-28,Royal Donuts & Ice Cream,34.2644934,-118.4378774,,,,,2026-01-18,5.172
Sylmar,34.3109765,-118.4358181,2025-10-28,Subway,34.2576839,-118.4699181,Mission Hills,Devonshire Street,15503,91345,2025-11-12,6.703
Sylmar,34.3109765,-118.4358181,2025-10-28,Poke-Ya,34.2637005,-118.5019427,,,,,2026-02-22,8.034
Sylmar,34.3109765,-118.4358181,2025-10-28,Wingstop,34.2646786,-118.5150904,,,,,2026-02-19,8.919
,36.7427544,-119.699588,2025-11-13,Garlishious Deli,36.7407652,-119.7860529,Fresno,Fresno Street,2621,93721,2026-02-21,7.708
,36.7427544,-119.699588,2025-11-13,El taco Chingon,36.7837325,-119.7910335,Fresno,North Blackstone Avenue,3649,93726-5305,2026-02-06,9.334
,36.7427544,-119.699588,2025-11-13,Bamboo Chopsticks,36.7649904,-119.8172412,Fresno,North Fruit Avenue,1604,93705,2025-11-14,10.769
,36.7427544,-119.699588,2025-11-13,Central Cali Nutrition,36.8359443,-119.7550695,Fresno,North Cedar Avenue,,93710,2026-01-22,11.48
,36.7427544,-119.699588,2025-11-13,Taco Department,36.576152,-119.6327607,Selma,Floral Avenue,8935,93662,2026-03-14,19.461
Monterey Park,34.0364893,-118.0975591,2026-02-05,Chick-fil-A,34.0366057,-118.098299,Monterey Park,Market Place Drive,5000,91755,2026-02-05,0.069
Monterey Park,34.0364893,-118.0975591,2026-02-05,MOD Pizza,34.0357734,-118.104295,Monterey Park,Market Place Drive,2200,91755,2026-02-05,0.626
Monterey Park,34.0364893,-118.0975591,2026-02-05,Jack in the Box,34.0152533,-118.1295403,Montebello,North Garfield Avenue,108,90640,2026-02-06,3.777
Monterey Park,34.0364893,-118.0975591,2026-02-05,KFC,34.0452326,-118.0309386,South El Monte,North Durfee,1927,91733,2026-02-05,6.215
Monterey Park,34.0364893,-118.0975591,2026-02-05,Jack in the Box,34.0454023,-118.0308387,El Monte,Durfee Avenue,1933,91733,2026-02-05,6.227
,33.6923896,-117.3346227,2026-03-25,Chipotle,33.6920293,-117.3355063,,,,,2026-03-25,0.091
,33.6923896,-117.3346227,2026-03-25,Jersey Mike's Subs,33.6921299,-117.3356299,,,,,2026-03-25,0.098
,33.6923896,-117.3346227,2026-03-25,Unknown,33.800941,-117.2297001,,,,,2026-03-26,15.486
,33.6923896,-117.3346227,2026-03-25,Kristy's Donuts & Bagels,33.8693403,-117.5935566,Corona,Border Avenue,1264,92882,2026-04-05,30.981
,33.6923896,-117.3346227,2026-03-25,The Empanada Maker,33.5968095,-117.656401,,,,,2026-03-27,31.626
Atascadero,35.496978,-120.6843963,2012-06-02,El Pollo Loco,35.5825159,-120.6973234,,Theatre Drive,2351,,2012-08-09,9.583
Atascadero,35.496978,-120.6843963,2012-06-02,Jamba,35.6147289,-120.683261,Paso Robles,Niblick Road,96,93446,2012-07-07,13.094
Atascadero,35.496978,-120.6843963,2012-06-02,Domino's,35.2944046,-120.670497,San Luis Obispo,East Foothill Boulevard,866,93405,2012-06-04,22.56
Atascadero,35.496978,-120.6843963,2012-06-02,Subway,35.269265,-120.670827,San Luis Obispo,Higuera Street,158,93401,2012-11-09,25.35
Atascadero,35.496978,-120.6843963,2012-06-02,Carl's Jr.,35.0367643,-120.485754,Nipomo,West Tefft Street,502,93444-8946,2012-07-17,54.258
