latitude,longitude,score
33.63,-117.9,0.0
33.63,-117.89538461538461,0.0
33.63,-117.89076923076924,0.0
33.63,-117.88615384615385,0.0
33.63,-117.88153846153847,0.0
33.63,-117.87692307692308,0.0
33.63,-117.8723076923077,0.0
33.63,-117.86769230769231,0.0
33.63,-117.86307692307693,0.0
33.63,-117.85846153846154,0.0
33.63,-117.85384615384616,0.0
33.63,-117.84923076923077,0.0
33.63,-117.8446153846154,0.0
33.63,-117.84,0.0
33.63,-117.83538461538461,0.0
33.63,-117.83076923076923,0.0
33.63,-117.82615384615384,0.0
33.63,-117.82153846153847,0.0
33.63,-117.81692307692308,0.0
33.63,-117.8123076923077,0.0
33.63,-117.8076923076923,0.0
33.63,-117.80307692307693,0.0
33.63,-117.79846153846154,0.0
33.63,-117.79384615384616,0.0
33.63,-117.78923076923077,0.0
33.63,-117.78461538461539,0.0
33.63,-117.78,0.0
33.63,-117.77538461538461,0.0
33.63,-117.77076923076923,0.0
33.63,-117.76615384615384,0.0
33.63,-117.76153846153846,0.0
33.63,-117.75692307692307,0.0
33.63,-117.7523076923077,0.0
33.63,-117.7476923076923,0.0
33.63,-117.74307692307693,0.0
33.63,-117.73846153846154,0.0
33.63,-117.73384615384616,0.0
33.63,-117.72923076923077,0.0
33.63,-117.72461538461539,0.0
33.63,-117.72,0.0
33.633589743589745,-117.9,0.0
33.633589743589745,-117.89538461538461,0.0
33.633589743589745,-117.89076923076924,0.0
33.633589743589745,-117.88615384615385,0.0
33.633589743589745,-117.88153846153847,0.0
33.633589743589745,-117.87692307692308,0.0
33.633589743589745,-117.8723076923077,0.0
33.633589743589745,-117.86769230769231,0.0
33.633589743589745,-117.86307692307693,0.0
33.633589743589745,-117.85846153846154,0.0
33.633589743589745,-117.85384615384616,0.0
33.633589743589745,-117.84923076923077,0.0
33.633589743589745,-117.8446153846154,0.0
33.633589743589745,-117.84,0.0
33.633589743589745,-117.83538461538461,0.0
33.633589743589745,-117.83076923076923,0.0
33.633589743589745,-117.82615384615384,0.0
33.633589743589745,-117.82153846153847,0.0
33.633589743589745,-117.81692307692308,0.0
33.633589743589745,-117.8123076923077,0.0
33.633589743589745,-117.8076923076923,0.0
33.633589743589745,-117.80307692307693,0.0
33.633589743589745,-117.79846153846154,0.0
33.633589743589745,-117.79384615384616,0.0
33.633589743589745,-117.78923076923077,0.0
33.633589743589745,-117.78461538461539,0.0
33.633589743589745,-117.78,0.0
33.633589743589745,-117.77538461538461,0.0
33.633589743589745,-117.77076923076923,0.0
33.633589743589745,-117.76615384615384,0.0
33.633589743589745,-117.76153846153846,0.0
33.633589743589745,-117.75692307692307,0.0
33.633589743589745,-117.7523076923077,0.0
33.633589743589745,-117.7476923076923,0.0
33.633589743589745,-117.74307692307693,0.0
33.633589743589745,-117.73846153846154,0.0
33.633589743589745,-117.73384615384616,0.0
33.633589743589745,-117.72923076923077,0.0
33.633589743589745,-117.72461538461539,0.0
33.633589743589745,-117.72,0.0
33.63717948717949,-117.9,0.0
33.63717948717949,-117.89538461538461,0.0
33.63717948717949,-117.89076923076924,0.0
33.63717948717949,-117.88615384615385,0.0
33.63717948717949,-117.88153846153847,0.0
33.63717948717949,-117.87692307692308,0.0
33.63717948717949,-117.8723076923077,0.0
33.63717948717949,-117.86769230769231,0.0
33.63717948717949,-117.86307692307693,0.0
33.63717948717949,-117.85846153846154,0.0
33.63717948717949,-117.85384615384616,0.0
33.63717948717949,-117.84923076923077,0.0
33.63717948717949,-117.8446153846154,0.0
33.63717948717949,-117.84,0.0
33.63717948717949,-117.83538461538461,0.0
33.63717948717949,-117.83076923076923,0.0
33.63717948717949,-117.82615384615384,0.0
33.63717948717949,-117.82153846153847,0.0
33.63717948717949,-117.81692307692308,0.0
33.63717948717949,-117.8123076923077,0.0
33.63717948717949,-117.8076923076923,0.0
33.63717948717949,-117.80307692307693,0.0
33.63717948717949,-117.79846153846154,0.0
33.63717948717949,-117.79384615384616,0.0
33.63717948717949,-117.78923076923077,0.0
33.63717948717949,-117.78461538461539,0.0
33.63717948717949,-117.78,0.0
33.63717948717949,-117.77538461538461,0.0
33.63717948717949,-117.77076923076923,0.0
33.63717948717949,-117.76615384615384,0.0
33.63717948717949,-117.76153846153846,0.0
33.63717948717949,-117.75692307692307,0.0
33.63717948717949,-117.7523076923077,0.0
33.63717948717949,-117.7476923076923,0.0
33.63717948717949,-117.74307692307693,0.0
33.63717948717949,-117.73846153846154,0.0
33.63717948717949,-117.73384615384616,0.0
33.63717948717949,-117.72923076923077,0.0
33.63717948717949,-117.72461538461539,0.0
33.63717948717949,-117.72,0.0
33.64076923076923,-117.9,0.0
33.64076923076923,-117.89538461538461,0.0
33.64076923076923,-117.89076923076924,0.0
33.64076923076923,-117.88615384615385,0.0
33.64076923076923,-117.88153846153847,0.0
33.64076923076923,-117.87692307692308,0.0
33.64076923076923,-117.8723076923077,0.0
33.64076923076923,-117.86769230769231,0.0
33.64076923076923,-117.86307692307693,0.0
33.64076923076923,-117.85846153846154,0.0
33.64076923076923,-117.85384615384616,0.0
33.64076923076923,-117.84923076923077,0.0
33.64076923076923,-117.8446153846154,0.0
33.64076923076923,-117.84,0.0
33.64076923076923,-117.83538461538461,0.0
33.64076923076923,-117.83076923076923,0.0
33.64076923076923,-117.82615384615384,0.0
33.64076923076923,-117.82153846153847,0.0
33.64076923076923,-117.81692307692308,0.0
33.64076923076923,-117.8123076923077,0.0
33.64076923076923,-117.8076923076923,0.0
33.64076923076923,-117.80307692307693,0.0
33.64076923076923,-117.79846153846154,0.0
33.64076923076923,-117.79384615384616,0.0
33.64076923076923,-117.78923076923077,0.0
33.64076923076923,-117.78461538461539,0.0
33.64076923076923,-117.78,0.0
33.64076923076923,-117.77538461538461,0.0
33.64076923076923,-117.77076923076923,0.0
33.64076923076923,-117.76615384615384,0.0
33.64076923076923,-117.76153846153846,0.0
33.64076923076923,-117.75692307692307,0.0
33.64076923076923,-117.7523076923077,0.0
33.64076923076923,-117.7476923076923,0.0
33.64076923076923,-117.74307692307693,0.0
33.64076923076923,-117.73846153846154,0.0
33.64076923076923,-117.73384615384616,0.0
33.64076923076923,-117.72923076923077,0.0
33.64076923076923,-117.72461538461539,0.0
33.64076923076923,-117.72,0.0
33.64435897435898,-117.9,0.0
33.64435897435898,-117.89538461538461,0.0
33.64435897435898,-117.89076923076924,0.0
33.64435897435898,-117.88615384615385,0.0
33.64435897435898,-117.88153846153847,0.0
33.64435897435898,-117.87692307692308,0.0
33.64435897435898,-117.8723076923077,0.0
33.64435897435898,-117.86769230769231,0.0
33.64435897435898,-117.86307692307693,0.0
33.64435897435898,-117.85846153846154,0.0
33.64435897435898,-117.85384615384616,0.0
33.64435897435898,-117.84923076923077,0.0
33.64435897435898,-117.8446153846154,0.0
33.64435897435898,-117.84,0.0
33.64435897435898,-117.83538461538461,0.0
33.64435897435898,-117.83076923076923,0.0
33.64435897435898,-117.82615384615384,0.0
33.64435897435898,-117.82153846153847,0.0
33.64435897435898,-117.81692307692308,0.0
33.64435897435898,-117.8123076923077,0.0
33.64435897435898,-117.8076923076923,0.0
33.64435897435898,-117.80307692307693,0.0
33.64435897435898,-117.79846153846154,0.0
33.64435897435898,-117.79384615384616,0.0
33.64435897435898,-117.78923076923077,0.0
33.64435897435898,-117.78461538461539,0.0
33.64435897435898,-117.78,0.0
33.64435897435898,-117.77538461538461,0.0
33.64435897435898,-117.77076923076923,0.0
33.64435897435898,-117.76615384615384,0.0
33.64435897435898,-117.76153846153846,0.0
33.64435897435898,-117.75692307692307,0.0
33.64435897435898,-117.7523076923077,0.0
33.64435897435898,-117.7476923076923,0.0
33.64435897435898,-117.74307692307693,0.0
33.64435897435898,-117.73846153846154,0.0
33.64435897435898,-117.73384615384616,0.0
33.64435897435898,-117.72923076923077,0.0
33.64435897435898,-117.72461538461539,0.0
33.64435897435898,-117.72,0.0
33.64794871794872,-117.9,0.0
33.64794871794872,-117.89538461538461,0.0
33.64794871794872,-117.89076923076924,0.0
33.64794871794872,-117.88615384615385,0.0
33.64794871794872,-117.88153846153847,0.0
33.64794871794872,-117.87692307692308,0.0
33.64794871794872,-117.8723076923077,0.0
33.64794871794872,-117.86769230769231,0.0
33.64794871794872,-117.86307692307693,0.0
33.64794871794872,-117.85846153846154,0.0
33.64794871794872,-117.85384615384616,0.0
33.64794871794872,-117.84923076923077,0.0
33.64794871794872,-117.8446153846154,0.0
33.64794871794872,-117.84,0.0
33.64794871794872,-117.83538461538461,0.0
33.64794871794872,-117.83076923076923,0.0
33.64794871794872,-117.82615384615384,0.0
33.64794871794872,-117.82153846153847,0.0
33.64794871794872,-117.81692307692308,0.0
33.64794871794872,-117.8123076923077,0.0
33.64794871794872,-117.8076923076923,0.0
33.64794871794872,-117.80307692307693,0.0
33.64794871794872,-117.79846153846154,0.0
33.64794871794872,-117.79384615384616,0.0
33.64794871794872,-117.78923076923077,0.0
33.64794871794872,-117.78461538461539,0.0
33.64794871794872,-117.78,0.0
33.64794871794872,-117.77538461538461,0.0
33.64794871794872,-117.77076923076923,0.0
33.64794871794872,-117.76615384615384,0.0
33.64794871794872,-117.76153846153846,0.0
33.64794871794872,-117.75692307692307,0.0
33.64794871794872,-117.7523076923077,0.0
33.64794871794872,-117.7476923076923,0.0
33.64794871794872,-117.74307692307693,0.0
33.64794871794872,-117.73846153846154,0.0
33.64794871794872,-117.73384615384616,0.0
33.64794871794872,-117.72923076923077,0.0
33.64794871794872,-117.72461538461539,0.0
33.64794871794872,-117.72,0.0
33.651538461538465,-117.9,0.0
33.651538461538465,-117.89538461538461,0.0
33.651538461538465,-117.89076923076924,0.0
33.651538461538465,-117.88615384615385,0.0
33.651538461538465,-117.88153846153847,0.0
33.651538461538465,-117.87692307692308,0.0
33.651538461538465,-117.8723076923077,0.0
33.651538461538465,-117.86769230769231,0.0
33.651538461538465,-117.86307692307693,0.0
33.651538461538465,-117.85846153846154,0.0
33.651538461538465,-117.85384615384616,0.0
33.651538461538465,-117.84923076923077,0.0
33.651538461538465,-117.8446153846154,0.0
33.651538461538465,-117.84,0.0
33.651538461538465,-117.83538461538461,0.0
33.651538461538465,-117.83076923076923,0.0
33.651538461538465,-117.82615384615384,0.0
33.651538461538465,-117.82153846153847,0.0
33.651538461538465,-117.81692307692308,0.0
33.651538461538465,-117.8123076923077,0.0
33.651538461538465,-117.8076923076923,0.0
33.651538461538465,-117.80307692307693,0.0
33.651538461538465,-117.79846153846154,0.0
33.651538461538465,-117.79384615384616,0.0
33.651538461538465,-117.78923076923077,0.0
33.651538461538465,-117.78461538461539,0.0
33.651538461538465,-117.78,0.0
33.651538461538465,-117.77538461538461,0.0
33.651538461538465,-117.77076923076923,0.0
33.651538461538465,-117.76615384615384,0.0
33.651538461538465,-117.76153846153846,0.0
33.651538461538465,-117.75692307692307,0.0
33.651538461538465,-117.7523076923077,0.0
33.651538461538465,-117.7476923076923,0.0
33.651538461538465,-117.74307692307693,0.0
33.651538461538465,-117.73846153846154,0.0
33.651538461538465,-117.73384615384616,0.0
33.651538461538465,-117.72923076923077,0.0
33.651538461538465,-117.72461538461539,0.0
33.651538461538465,-117.72,0.0
33.65512820512821,-117.9,0.0
33.65512820512821,-117.89538461538461,0.0
33.65512820512821,-117.89076923076924,0.0
33.65512820512821,-117.88615384615385,0.0
33.65512820512821,-117.88153846153847,0.0
33.65512820512821,-117.87692307692308,0.0
33.65512820512821,-117.8723076923077,0.0
33.65512820512821,-117.86769230769231,0.0
33.65512820512821,-117.86307692307693,0.0
33.65512820512821,-117.85846153846154,0.0
33.65512820512821,-117.85384615384616,0.0
33.65512820512821,-117.84923076923077,0.0
33.65512820512821,-117.8446153846154,0.0
33.65512820512821,-117.84,0.0
33.65512820512821,-117.83538461538461,0.0
33.65512820512821,-117.83076923076923,0.0
33.65512820512821,-117.82615384615384,0.0
33.65512820512821,-117.82153846153847,0.0
33.65512820512821,-117.81692307692308,0.0
33.65512820512821,-117.8123076923077,0.0
33.65512820512821,-117.8076923076923,0.0
33.65512820512821,-117.80307692307693,0.0
33.65512820512821,-117.79846153846154,0.0
33.65512820512821,-117.79384615384616,0.0
33.65512820512821,-117.78923076923077,0.0
33.65512820512821,-117.78461538461539,0.0
33.65512820512821,-117.78,0.0
33.65512820512821,-117.77538461538461,0.0
33.65512820512821,-117.77076923076923,0.0
33.65512820512821,-117.76615384615384,0.0
33.65512820512821,-117.76153846153846,0.0
33.65512820512821,-117.75692307692307,0.0
33.65512820512821,-117.7523076923077,0.0
33.65512820512821,-117.7476923076923,0.0
33.65512820512821,-117.74307692307693,0.0
33.65512820512821,-117.73846153846154,0.0
33.65512820512821,-117.73384615384616,0.0
33.65512820512821,-117.72923076923077,0.0
33.65512820512821,-117.72461538461539,0.0
33.65512820512821,-117.72,0.0
33.65871794871795,-117.9,0.0
33.65871794871795,-117.89538461538461,0.0
33.65871794871795,-117.89076923076924,0.0
33.65871794871795,-117.88615384615385,0.0
33.65871794871795,-117.88153846153847,0.0
33.65871794871795,-117.87692307692308,0.0
33.65871794871795,-117.8723076923077,0.0
33.65871794871795,-117.86769230769231,0.0
33.65871794871795,-117.86307692307693,0.0
33.65871794871795,-117.85846153846154,0.0
33.65871794871795,-117.85384615384616,0.0
33.65871794871795,-117.84923076923077,0.0
33.65871794871795,-117.8446153846154,0.0
33.65871794871795,-117.84,0.0
33.65871794871795,-117.83538461538461,0.0
33.65871794871795,-117.83076923076923,0.0
33.65871794871795,-117.82615384615384,0.0
33.65871794871795,-117.82153846153847,0.0
33.65871794871795,-117.81692307692308,0.0
33.65871794871795,-117.8123076923077,0.0
33.65871794871795,-117.8076923076923,0.0
33.65871794871795,-117.80307692307693,0.0
33.65871794871795,-117.79846153846154,0.0
33.65871794871795,-117.79384615384616,0.0
33.65871794871795,-117.78923076923077,0.0
33.65871794871795,-117.78461538461539,0.0
33.65871794871795,-117.78,0.0
33.65871794871795,-117.77538461538461,0.0
33.65871794871795,-117.77076923076923,0.0
33.65871794871795,-117.76615384615384,0.0
33.65871794871795,-117.76153846153846,0.0
33.65871794871795,-117.75692307692307,0.0
33.65871794871795,-117.7523076923077,0.0
33.65871794871795,-117.7476923076923,0.0
33.65871794871795,-117.74307692307693,0.0
33.65871794871795,-117.73846153846154,0.0
33.65871794871795,-117.73384615384616,0.0
33.65871794871795,-117.72923076923077,0.0
33.65871794871795,-117.72461538461539,0.0
33.65871794871795,-117.72,0.0
33.66230769230769,-117.9,0.0
33.66230769230769,-117.89538461538461,0.0
33.66230769230769,-117.89076923076924,0.0
33.66230769230769,-117.88615384615385,0.0
33.66230769230769,-117.88153846153847,0.0
33.66230769230769,-117.87692307692308,0.0
33.66230769230769,-117.8723076923077,0.0
33.66230769230769,-117.86769230769231,0.0
33.66230769230769,-117.86307692307693,0.0
33.66230769230769,-117.85846153846154,0.0
33.66230769230769,-117.85384615384616,0.0
33.66230769230769,-117.84923076923077,0.0
33.66230769230769,-117.8446153846154,0.0
33.66230769230769,-117.84,0.0
33.66230769230769,-117.83538461538461,0.0
33.66230769230769,-117.83076923076923,0.0
33.66230769230769,-117.82615384615384,0.0
33.66230769230769,-117.82153846153847,0.0
33.66230769230769,-117.81692307692308,0.0
33.66230769230769,-117.8123076923077,0.0
33.66230769230769,-117.8076923076923,0.0
33.66230769230769,-117.80307692307693,0.0
33.66230769230769,-117.79846153846154,0.0
33.66230769230769,-117.79384615384616,0.0
33.66230769230769,-117.78923076923077,0.0
33.66230769230769,-117.78461538461539,0.0
33.66230769230769,-117.78,0.0
33.66230769230769,-117.77538461538461,0.0
33.66230769230769,-117.77076923076923,0.0
33.66230769230769,-117.76615384615384,0.0
33.66230769230769,-117.76153846153846,0.0
33.66230769230769,-117.75692307692307,0.0
33.66230769230769,-117.7523076923077,0.0
33.66230769230769,-117.7476923076923,0.0
33.66230769230769,-117.74307692307693,0.0
33.66230769230769,-117.73846153846154,0.0
33.66230769230769,-117.73384615384616,0.0
33.66230769230769,-117.72923076923077,0.0
33.66230769230769,-117.72461538461539,0.0
33.66230769230769,-117.72,0.0
33.66589743589744,-117.9,0.0
33.66589743589744,-117.89538461538461,0.0
33.66589743589744,-117.89076923076924,0.0
33.66589743589744,-117.88615384615385,0.0
33.66589743589744,-117.88153846153847,0.0
33.66589743589744,-117.87692307692308,0.0
33.66589743589744,-117.8723076923077,0.0
33.66589743589744,-117.86769230769231,0.0
33.66589743589744,-117.86307692307693,0.0
33.66589743589744,-117.85846153846154,0.0
33.66589743589744,-117.85384615384616,0.0
33.66589743589744,-117.84923076923077,0.0
33.66589743589744,-117.8446153846154,0.0
33.66589743589744,-117.84,0.0
33.66589743589744,-117.83538461538461,0.0
33.66589743589744,-117.83076923076923,0.0
33.66589743589744,-117.82615384615384,0.0
33.66589743589744,-117.82153846153847,0.0
33.66589743589744,-117.81692307692308,0.0
33.66589743589744,-117.8123076923077,0.0
33.66589743589744,-117.8076923076923,0.0
33.66589743589744,-117.80307692307693,0.0
33.66589743589744,-117.79846153846154,0.0
33.66589743589744,-117.79384615384616,0.0
33.66589743589744,-117.78923076923077,0.0
33.66589743589744,-117.78461538461539,0.0
33.66589743589744,-117.78,0.0
33.66589743589744,-117.77538461538461,0.0
33.66589743589744,-117.77076923076923,0.0
33.66589743589744,-117.76615384615384,0.0
33.66589743589744,-117.76153846153846,0.0
33.66589743589744,-117.75692307692307,0.0
33.66589743589744,-117.7523076923077,0.0
33.66589743589744,-117.7476923076923,0.0
33.66589743589744,-117.74307692307693,0.0
33.66589743589744,-117.73846153846154,0.0
33.66589743589744,-117.73384615384616,0.0
33.66589743589744,-117.72923076923077,0.0
33.66589743589744,-117.72461538461539,0.0
33.66589743589744,-117.72,0.0
33.669487179487184,-117.9,0.0
33.669487179487184,-117.89538461538461,0.0
33.669487179487184,-117.89076923076924,0.0
33.669487179487184,-117.88615384615385,0.0
33.669487179487184,-117.88153846153847,0.0
33.669487179487184,-117.87692307692308,0.0
33.669487179487184,-117.8723076923077,0.0
33.669487179487184,-117.86769230769231,0.0
33.669487179487184,-117.86307692307693,0.0
33.669487179487184,-117.85846153846154,0.0
33.669487179487184,-117.85384615384616,0.0
33.669487179487184,-117.84923076923077,0.0
33.669487179487184,-117.8446153846154,0.0
33.669487179487184,-117.84,0.0
33.669487179487184,-117.83538461538461,0.0
33.669487179487184,-117.83076923076923,0.0
33.669487179487184,-117.82615384615384,0.0
33.669487179487184,-117.82153846153847,0.0
33.669487179487184,-117.81692307692308,0.0
33.669487179487184,-117.8123076923077,0.0
33.669487179487184,-117.8076923076923,0.0
33.669487179487184,-117.80307692307693,0.0
33.669487179487184,-117.79846153846154,0.0
33.669487179487184,-117.79384615384616,0.0
33.669487179487184,-117.78923076923077,0.0
33.669487179487184,-117.78461538461539,0.0
33.669487179487184,-117.78,0.0
33.669487179487184,-117.77538461538461,0.0
33.669487179487184,-117.77076923076923,0.0
33.669487179487184,-117.76615384615384,0.0
33.669487179487184,-117.76153846153846,0.0
33.669487179487184,-117.75692307692307,0.0
33.669487179487184,-117.7523076923077,0.0
33.669487179487184,-117.7476923076923,0.0
33.669487179487184,-117.74307692307693,0.0
33.669487179487184,-117.73846153846154,0.0
33.669487179487184,-117.73384615384616,0.0
33.669487179487184,-117.72923076923077,0.0
33.669487179487184,-117.72461538461539,0.0
33.669487179487184,-117.72,0.0
33.67307692307693,-117.9,0.0
33.67307692307693,-117.89538461538461,0.0
33.67307692307693,-117.89076923076924,0.0
33.67307692307693,-117.88615384615385,0.0
33.67307692307693,-117.88153846153847,0.0
33.67307692307693,-117.87692307692308,0.0
33.67307692307693,-117.8723076923077,0.0
33.67307692307693,-117.86769230769231,0.0
33.67307692307693,-117.86307692307693,0.0
33.67307692307693,-117.85846153846154,0.0
33.67307692307693,-117.85384615384616,0.0
33.67307692307693,-117.84923076923077,0.0
33.67307692307693,-117.8446153846154,0.0
33.67307692307693,-117.84,0.0
33.67307692307693,-117.83538461538461,0.0
33.67307692307693,-117.83076923076923,0.0
33.67307692307693,-117.82615384615384,0.0
33.67307692307693,-117.82153846153847,0.0
33.67307692307693,-117.81692307692308,0.0
33.67307692307693,-117.8123076923077,0.0
33.67307692307693,-117.8076923076923,0.0
33.67307692307693,-117.80307692307693,0.0
33.67307692307693,-117.79846153846154,0.0
33.67307692307693,-117.79384615384616,0.0
33.67307692307693,-117.78923076923077,0.0
33.67307692307693,-117.78461538461539,0.0
33.67307692307693,-117.78,0.0
33.67307692307693,-117.77538461538461,0.0
33.67307692307693,-117.77076923076923,0.0
33.67307692307693,-117.76615384615384,0.0
33.67307692307693,-117.76153846153846,0.0
33.67307692307693,-117.75692307692307,0.0
33.67307692307693,-117.7523076923077,0.0
33.67307692307693,-117.7476923076923,0.0
33.67307692307693,-117.74307692307693,0.0
33.67307692307693,-117.73846153846154,0.0
33.67307692307693,-117.73384615384616,0.0
33.67307692307693,-117.72923076923077,0.0
33.67307692307693,-117.72461538461539,0.0
33.67307692307693,-117.72,0.0
33.67666666666667,-117.9,0.0
33.67666666666667,-117.89538461538461,0.0
33.67666666666667,-117.89076923076924,0.0
33.67666666666667,-117.88615384615385,0.0
33.67666666666667,-117.88153846153847,0.0
33.67666666666667,-117.87692307692308,0.0
33.67666666666667,-117.8723076923077,0.0
33.67666666666667,-117.86769230769231,0.0
33.67666666666667,-117.86307692307693,0.0
33.67666666666667,-117.85846153846154,0.0
33.67666666666667,-117.85384615384616,0.0
33.67666666666667,-117.84923076923077,0.0
33.67666666666667,-117.8446153846154,0.0
33.67666666666667,-117.84,0.0
33.67666666666667,-117.83538461538461,0.0
33.67666666666667,-117.83076923076923,0.0
33.67666666666667,-117.82615384615384,0.0
33.67666666666667,-117.82153846153847,0.0
33.67666666666667,-117.81692307692308,0.0
33.67666666666667,-117.8123076923077,0.0
33.67666666666667,-117.8076923076923,0.0
33.67666666666667,-117.80307692307693,0.0
33.67666666666667,-117.79846153846154,0.0
33.67666666666667,-117.79384615384616,0.0
33.67666666666667,-117.78923076923077,0.0
33.67666666666667,-117.78461538461539,0.0
33.67666666666667,-117.78,0.0
33.67666666666667,-117.77538461538461,0.0
33.67666666666667,-117.77076923076923,0.0
33.67666666666667,-117.76615384615384,0.0
33.67666666666667,-117.76153846153846,0.0
33.67666666666667,-117.75692307692307,0.0
33.67666666666667,-117.7523076923077,0.0
33.67666666666667,-117.7476923076923,0.0
33.67666666666667,-117.74307692307693,0.0
33.67666666666667,-117.73846153846154,0.0
33.67666666666667,-117.73384615384616,0.0
33.67666666666667,-117.72923076923077,0.0
33.67666666666667,-117.72461538461539,0.0
33.67666666666667,-117.72,0.0
33.68025641025641,-117.9,0.0
33.68025641025641,-117.89538461538461,0.0
33.68025641025641,-117.89076923076924,0.0
33.68025641025641,-117.88615384615385,0.0
33.68025641025641,-117.88153846153847,0.0
33.68025641025641,-117.87692307692308,0.0
33.68025641025641,-117.8723076923077,0.0
33.68025641025641,-117.86769230769231,0.0
33.68025641025641,-117.86307692307693,0.0
33.68025641025641,-117.85846153846154,0.0
33.68025641025641,-117.85384615384616,0.0
33.68025641025641,-117.84923076923077,0.0
33.68025641025641,-117.8446153846154,0.0
33.68025641025641,-117.84,0.0
33.68025641025641,-117.83538461538461,0.0
33.68025641025641,-117.83076923076923,0.0
33.68025641025641,-117.82615384615384,0.0
33.68025641025641,-117.82153846153847,0.0
33.68025641025641,-117.81692307692308,0.0
33.68025641025641,-117.8123076923077,0.0
33.68025641025641,-117.8076923076923,0.0
33.68025641025641,-117.80307692307693,0.0
33.68025641025641,-117.79846153846154,0.0
33.68025641025641,-117.79384615384616,0.0
33.68025641025641,-117.78923076923077,0.0
33.68025641025641,-117.78461538461539,0.0
33.68025641025641,-117.78,0.0
33.68025641025641,-117.77538461538461,0.0
33.68025641025641,-117.77076923076923,0.0
33.68025641025641,-117.76615384615384,0.0
33.68025641025641,-117.76153846153846,0.0
33.68025641025641,-117.75692307692307,0.0
33.68025641025641,-117.7523076923077,0.0
33.68025641025641,-117.7476923076923,0.0
33.68025641025641,-117.74307692307693,0.0
33.68025641025641,-117.73846153846154,0.0
33.68025641025641,-117.73384615384616,0.0
33.68025641025641,-117.72923076923077,0.0
33.68025641025641,-117.72461538461539,0.0
33.68025641025641,-117.72,0.0
33.683846153846154,-117.9,0.0
33.683846153846154,-117.89538461538461,0.0
33.683846153846154,-117.89076923076924,0.0
33.683846153846154,-117.88615384615385,0.0
33.683846153846154,-117.88153846153847,0.0
33.683846153846154,-117.87692307692308,0.0
33.683846153846154,-117.8723076923077,0.0
33.683846153846154,-117.86769230769231,0.0
33.683846153846154,-117.86307692307693,0.0
33.683846153846154,-117.85846153846154,0.0
33.683846153846154,-117.85384615384616,0.0
33.683846153846154,-117.84923076923077,0.0
33.683846153846154,-117.8446153846154,0.0
33.683846153846154,-117.84,0.0
33.683846153846154,-117.83538461538461,0.0
33.683846153846154,-117.83076923076923,0.0
33.683846153846154,-117.82615384615384,0.0
33.683846153846154,-117.82153846153847,0.0
33.683846153846154,-117.81692307692308,0.0
33.683846153846154,-117.8123076923077,0.0
33.683846153846154,-117.8076923076923,0.0
33.683846153846154,-117.80307692307693,0.0
33.683846153846154,-117.79846153846154,0.0
33.683846153846154,-117.79384615384616,0.0
33.683846153846154,-117.78923076923077,0.0
33.683846153846154,-117.78461538461539,0.0
33.683846153846154,-117.78,0.0
33.683846153846154,-117.77538461538461,0.0
33.683846153846154,-117.77076923076923,0.0
33.683846153846154,-117.76615384615384,0.0
33.683846153846154,-117.76153846153846,0.0
33.683846153846154,-117.75692307692307,0.0
33.683846153846154,-117.7523076923077,0.0
33.683846153846154,-117.7476923076923,0.0
33.683846153846154,-117.74307692307693,0.0
33.683846153846154,-117.73846153846154,0.0
33.683846153846154,-117.73384615384616,0.0
33.683846153846154,-117.72923076923077,0.0
33.683846153846154,-117.72461538461539,0.0
33.683846153846154,-117.72,0.0
33.6874358974359,-117.9,0.0
33.6874358974359,-117.89538461538461,0.0
33.6874358974359,-117.89076923076924,0.0
33.6874358974359,-117.88615384615385,0.0
33.6874358974359,-117.88153846153847,0.0
33.6874358974359,-117.87692307692308,0.0
33.6874358974359,-117.8723076923077,0.0
33.6874358974359,-117.86769230769231,0.0
33.6874358974359,-117.86307692307693,0.0
33.6874358974359,-117.85846153846154,0.0
33.6874358974359,-117.85384615384616,0.0
33.6874358974359,-117.84923076923077,0.0
33.6874358974359,-117.8446153846154,0.0
33.6874358974359,-117.84,0.0
33.6874358974359,-117.83538461538461,0.0
33.6874358974359,-117.83076923076923,0.0
33.6874358974359,-117.82615384615384,0.0
33.6874358974359,-117.82153846153847,0.0
33.6874358974359,-117.81692307692308,0.0
33.6874358974359,-117.8123076923077,0.0
33.6874358974359,-117.8076923076923,0.0
33.6874358974359,-117.80307692307693,0.0
33.6874358974359,-117.79846153846154,0.0
33.6874358974359,-117.79384615384616,0.0
33.6874358974359,-117.78923076923077,0.0
33.6874358974359,-117.78461538461539,0.0
33.6874358974359,-117.78,0.0
33.6874358974359,-117.77538461538461,0.0
33.6874358974359,-117.77076923076923,0.0
33.6874358974359,-117.76615384615384,0.0
33.6874358974359,-117.76153846153846,0.0
33.6874358974359,-117.75692307692307,0.0
33.6874358974359,-117.7523076923077,0.0
33.6874358974359,-117.7476923076923,0.0
33.6874358974359,-117.74307692307693,0.0
33.6874358974359,-117.73846153846154,0.0
33.6874358974359,-117.73384615384616,0.0
33.6874358974359,-117.72923076923077,0.0
33.6874358974359,-117.72461538461539,0.0
33.6874358974359,-117.72,0.0
33.69102564102565,-117.9,0.0
33.69102564102565,-117.89538461538461,0.0
33.69102564102565,-117.89076923076924,0.0
33.69102564102565,-117.88615384615385,0.0
33.69102564102565,-117.88153846153847,0.0
33.69102564102565,-117.87692307692308,0.0
33.69102564102565,-117.8723076923077,0.0
33.69102564102565,-117.86769230769231,0.0
33.69102564102565,-117.86307692307693,0.0
33.69102564102565,-117.85846153846154,0.0
33.69102564102565,-117.85384615384616,0.0
33.69102564102565,-117.84923076923077,0.0
33.69102564102565,-117.8446153846154,0.0
33.69102564102565,-117.84,0.0
33.69102564102565,-117.83538461538461,0.0
33.69102564102565,-117.83076923076923,0.0
33.69102564102565,-117.82615384615384,0.0
33.69102564102565,-117.82153846153847,0.0
33.69102564102565,-117.81692307692308,0.0
33.69102564102565,-117.8123076923077,0.0
33.69102564102565,-117.8076923076923,0.0
33.69102564102565,-117.80307692307693,0.0
33.69102564102565,-117.79846153846154,0.0
33.69102564102565,-117.79384615384616,0.0
33.69102564102565,-117.78923076923077,0.0
33.69102564102565,-117.78461538461539,0.0
33.69102564102565,-117.78,0.0
33.69102564102565,-117.77538461538461,0.0
33.69102564102565,-117.77076923076923,0.0
33.69102564102565,-117.76615384615384,0.0
33.69102564102565,-117.76153846153846,0.0
33.69102564102565,-117.75692307692307,0.0
33.69102564102565,-117.7523076923077,0.0
33.69102564102565,-117.7476923076923,0.0
33.69102564102565,-117.74307692307693,0.0
33.69102564102565,-117.73846153846154,0.0
33.69102564102565,-117.73384615384616,0.0
33.69102564102565,-117.72923076923077,0.0
33.69102564102565,-117.72461538461539,0.0
33.69102564102565,-117.72,0.0
33.69461538461539,-117.9,0.0
33.69461538461539,-117.89538461538461,0.0
33.69461538461539,-117.89076923076924,0.0
33.69461538461539,-117.88615384615385,0.0
33.69461538461539,-117.88153846153847,0.0
33.69461538461539,-117.87692307692308,0.0
33.69461538461539,-117.8723076923077,0.0
33.69461538461539,-117.86769230769231,0.0
33.69461538461539,-117.86307692307693,0.0
33.69461538461539,-117.85846153846154,0.0
33.69461538461539,-117.85384615384616,0.0
33.69461538461539,-117.84923076923077,0.0
33.69461538461539,-117.8446153846154,0.0
33.69461538461539,-117.84,0.0
33.69461538461539,-117.83538461538461,0.0
33.69461538461539,-117.83076923076923,0.0
33.69461538461539,-117.82615384615384,0.0
33.69461538461539,-117.82153846153847,0.0
33.69461538461539,-117.81692307692308,0.0
33.69461538461539,-117.8123076923077,0.0
33.69461538461539,-117.8076923076923,0.0
33.69461538461539,-117.80307692307693,0.0
33.69461538461539,-117.79846153846154,0.0
33.69461538461539,-117.79384615384616,0.0
33.69461538461539,-117.78923076923077,0.0
33.69461538461539,-117.78461538461539,0.0
33.69461538461539,-117.78,0.0
33.69461538461539,-117.77538461538461,0.0
33.69461538461539,-117.77076923076923,0.0
33.69461538461539,-117.76615384615384,0.0
33.69461538461539,-117.76153846153846,0.0
33.69461538461539,-117.75692307692307,0.0
33.69461538461539,-117.7523076923077,0.0
33.69461538461539,-117.7476923076923,0.0
33.69461538461539,-117.74307692307693,0.0
33.69461538461539,-117.73846153846154,0.0
33.69461538461539,-117.73384615384616,0.0
33.69461538461539,-117.72923076923077,0.0
33.69461538461539,-117.72461538461539,0.0
33.69461538461539,-117.72,0.0
33.69820512820513,-117.9,0.0
33.69820512820513,-117.89538461538461,0.0
33.69820512820513,-117.89076923076924,0.0
33.69820512820513,-117.88615384615385,0.0
33.69820512820513,-117.88153846153847,0.0
33.69820512820513,-117.87692307692308,0.0
33.69820512820513,-117.8723076923077,0.0
33.69820512820513,-117.86769230769231,0.0
33.69820512820513,-117.86307692307693,0.0
33.69820512820513,-117.85846153846154,0.0
33.69820512820513,-117.85384615384616,0.0
33.69820512820513,-117.84923076923077,0.0
33.69820512820513,-117.8446153846154,0.0
33.69820512820513,-117.84,0.0
33.69820512820513,-117.83538461538461,0.0
33.69820512820513,-117.83076923076923,0.0
33.69820512820513,-117.82615384615384,0.0
33.69820512820513,-117.82153846153847,0.0
33.69820512820513,-117.81692307692308,0.0
33.69820512820513,-117.8123076923077,0.0
33.69820512820513,-117.8076923076923,0.0
33.69820512820513,-117.80307692307693,0.0
33.69820512820513,-117.79846153846154,0.0
33.69820512820513,-117.79384615384616,0.0
33.69820512820513,-117.78923076923077,0.0
33.69820512820513,-117.78461538461539,0.0
33.69820512820513,-117.78,0.0
33.69820512820513,-117.77538461538461,0.0
33.69820512820513,-117.77076923076923,0.0
33.69820512820513,-117.76615384615384,0.0
33.69820512820513,-117.76153846153846,0.0
33.69820512820513,-117.75692307692307,0.0
33.69820512820513,-117.7523076923077,0.0
33.69820512820513,-117.7476923076923,0.0
33.69820512820513,-117.74307692307693,0.0
33.69820512820513,-117.73846153846154,0.0
33.69820512820513,-117.73384615384616,0.0
33.69820512820513,-117.72923076923077,0.0
33.69820512820513,-117.72461538461539,0.0
33.69820512820513,-117.72,0.0
33.701794871794874,-117.9,0.0
33.701794871794874,-117.89538461538461,0.0
33.701794871794874,-117.89076923076924,0.0
33.701794871794874,-117.88615384615385,0.0
33.701794871794874,-117.88153846153847,0.0
33.701794871794874,-117.87692307692308,0.0
33.701794871794874,-117.8723076923077,0.0
33.701794871794874,-117.86769230769231,0.0
33.701794871794874,-117.86307692307693,0.0
33.701794871794874,-117.85846153846154,0.0
33.701794871794874,-117.85384615384616,0.0
33.701794871794874,-117.84923076923077,0.0
33.701794871794874,-117.8446153846154,0.0
33.701794871794874,-117.84,0.0
33.701794871794874,-117.83538461538461,0.0
33.701794871794874,-117.83076923076923,0.0
33.701794871794874,-117.82615384615384,0.0
33.701794871794874,-117.82153846153847,0.0
33.701794871794874,-117.81692307692308,0.0
33.701794871794874,-117.8123076923077,0.0
33.701794871794874,-117.8076923076923,0.0
33.701794871794874,-117.80307692307693,0.0
33.701794871794874,-117.79846153846154,0.0
33.701794871794874,-117.79384615384616,0.0
33.701794871794874,-117.78923076923077,0.0
33.701794871794874,-117.78461538461539,0.0
33.701794871794874,-117.78,0.0
33.701794871794874,-117.77538461538461,0.0
33.701794871794874,-117.77076923076923,0.0
33.701794871794874,-117.76615384615384,0.0
33.701794871794874,-117.76153846153846,0.0
33.701794871794874,-117.75692307692307,0.0
33.701794871794874,-117.7523076923077,0.0
33.701794871794874,-117.7476923076923,0.0
33.701794871794874,-117.74307692307693,0.0
33.701794871794874,-117.73846153846154,0.0
33.701794871794874,-117.73384615384616,0.0
33.701794871794874,-117.72923076923077,0.0
33.701794871794874,-117.72461538461539,0.0
33.701794871794874,-117.72,0.0
33.70538461538462,-117.9,0.0
33.70538461538462,-117.89538461538461,0.0
33.70538461538462,-117.89076923076924,0.0
33.70538461538462,-117.88615384615385,0.0
33.70538461538462,-117.88153846153847,0.0
33.70538461538462,-117.87692307692308,0.0
33.70538461538462,-117.8723076923077,0.0
33.70538461538462,-117.86769230769231,0.0
33.70538461538462,-117.86307692307693,0.0
33.70538461538462,-117.85846153846154,0.0
33.70538461538462,-117.85384615384616,0.0
33.70538461538462,-117.84923076923077,0.0
33.70538461538462,-117.8446153846154,0.0
33.70538461538462,-117.84,0.0
33.70538461538462,-117.83538461538461,0.0
33.70538461538462,-117.83076923076923,0.0
33.70538461538462,-117.82615384615384,0.0
33.70538461538462,-117.82153846153847,0.0
33.70538461538462,-117.81692307692308,0.0
33.70538461538462,-117.8123076923077,0.0
33.70538461538462,-117.8076923076923,0.0
33.70538461538462,-117.80307692307693,0.0
33.70538461538462,-117.79846153846154,0.0
33.70538461538462,-117.79384615384616,0.0
33.70538461538462,-117.78923076923077,0.0
33.70538461538462,-117.78461538461539,0.0
33.70538461538462,-117.78,0.0
33.70538461538462,-117.77538461538461,0.0
33.70538461538462,-117.77076923076923,0.0
33.70538461538462,-117.76615384615384,0.0
33.70538461538462,-117.76153846153846,0.0
33.70538461538462,-117.75692307692307,0.0
33.70538461538462,-117.7523076923077,0.0
33.70538461538462,-117.7476923076923,0.0
33.70538461538462,-117.74307692307693,0.0
33.70538461538462,-117.73846153846154,0.0
33.70538461538462,-117.73384615384616,0.0
33.70538461538462,-117.72923076923077,0.0
33.70538461538462,-117.72461538461539,0.0
33.70538461538462,-117.72,0.0
33.70897435897436,-117.9,0.0
33.70897435897436,-117.89538461538461,0.0
33.70897435897436,-117.89076923076924,0.0
33.70897435897436,-117.88615384615385,0.0
33.70897435897436,-117.88153846153847,0.0
33.70897435897436,-117.87692307692308,0.0
33.70897435897436,-117.8723076923077,0.0
33.70897435897436,-117.86769230769231,0.0
33.70897435897436,-117.86307692307693,0.0
33.70897435897436,-117.85846153846154,0.0
33.70897435897436,-117.85384615384616,0.0
33.70897435897436,-117.84923076923077,0.0
33.70897435897436,-117.8446153846154,0.0
33.70897435897436,-117.84,0.0
33.70897435897436,-117.83538461538461,0.0
33.70897435897436,-117.83076923076923,0.0
33.70897435897436,-117.82615384615384,0.0
33.70897435897436,-117.82153846153847,0.0
33.70897435897436,-117.81692307692308,0.0
33.70897435897436,-117.8123076923077,0.0
33.70897435897436,-117.8076923076923,0.0
33.70897435897436,-117.80307692307693,0.0
33.70897435897436,-117.79846153846154,0.0
33.70897435897436,-117.79384615384616,0.0
33.70897435897436,-117.78923076923077,0.0
33.70897435897436,-117.78461538461539,0.0
33.70897435897436,-117.78,0.0
33.70897435897436,-117.77538461538461,0.0
33.70897435897436,-117.77076923076923,0.0
33.70897435897436,-117.76615384615384,0.0
33.70897435897436,-117.76153846153846,0.0
33.70897435897436,-117.75692307692307,0.0
33.70897435897436,-117.7523076923077,0.0
33.70897435897436,-117.7476923076923,0.0
33.70897435897436,-117.74307692307693,0.0
33.70897435897436,-117.73846153846154,0.0
33.70897435897436,-117.73384615384616,0.0
33.70897435897436,-117.72923076923077,0.0
33.70897435897436,-117.72461538461539,0.0
33.70897435897436,-117.72,0.0
33.71256410256411,-117.9,0.0
33.71256410256411,-117.89538461538461,0.0
33.71256410256411,-117.89076923076924,0.0
33.71256410256411,-117.88615384615385,0.0
33.71256410256411,-117.88153846153847,0.0
33.71256410256411,-117.87692307692308,0.0
33.71256410256411,-117.8723076923077,0.0
33.71256410256411,-117.86769230769231,0.0
33.71256410256411,-117.86307692307693,0.0
33.71256410256411,-117.85846153846154,0.0
33.71256410256411,-117.85384615384616,0.0
33.71256410256411,-117.84923076923077,0.0
33.71256410256411,-117.8446153846154,0.0
33.71256410256411,-117.84,0.0
33.71256410256411,-117.83538461538461,0.0
33.71256410256411,-117.83076923076923,0.0
33.71256410256411,-117.82615384615384,0.0
33.71256410256411,-117.82153846153847,0.0
33.71256410256411,-117.81692307692308,0.0
33.71256410256411,-117.8123076923077,0.0
33.71256410256411,-117.8076923076923,0.0
33.71256410256411,-117.80307692307693,0.0
33.71256410256411,-117.79846153846154,0.0
33.71256410256411,-117.79384615384616,0.0
33.71256410256411,-117.78923076923077,0.0
33.71256410256411,-117.78461538461539,0.0
33.71256410256411,-117.78,0.0
33.71256410256411,-117.77538461538461,0.0
33.71256410256411,-117.77076923076923,0.0
33.71256410256411,-117.76615384615384,0.0
33.71256410256411,-117.76153846153846,0.0
33.71256410256411,-117.75692307692307,0.0
33.71256410256411,-117.7523076923077,0.0
33.71256410256411,-117.7476923076923,0.0
33.71256410256411,-117.74307692307693,0.0
33.71256410256411,-117.73846153846154,0.0
33.71256410256411,-117.73384615384616,0.0
33.71256410256411,-117.72923076923077,0.0
33.71256410256411,-117.72461538461539,0.0
33.71256410256411,-117.72,0.0
33.71615384615385,-117.9,0.0
33.71615384615385,-117.89538461538461,0.0
33.71615384615385,-117.89076923076924,0.0
33.71615384615385,-117.88615384615385,0.0
33.71615384615385,-117.88153846153847,0.0
33.71615384615385,-117.87692307692308,0.0
33.71615384615385,-117.8723076923077,0.0
33.71615384615385,-117.86769230769231,0.0
33.71615384615385,-117.86307692307693,0.0
33.71615384615385,-117.85846153846154,0.0
33.71615384615385,-117.85384615384616,0.0
33.71615384615385,-117.84923076923077,0.0
33.71615384615385,-117.8446153846154,0.0
33.71615384615385,-117.84,0.0
33.71615384615385,-117.83538461538461,0.0
33.71615384615385,-117.83076923076923,0.0
33.71615384615385,-117.82615384615384,0.0
33.71615384615385,-117.82153846153847,0.0
33.71615384615385,-117.81692307692308,0.0
33.71615384615385,-117.8123076923077,0.0
33.71615384615385,-117.8076923076923,0.0
33.71615384615385,-117.80307692307693,0.0
33.71615384615385,-117.79846153846154,0.0
33.71615384615385,-117.79384615384616,0.0
33.71615384615385,-117.78923076923077,0.0
33.71615384615385,-117.78461538461539,0.0
33.71615384615385,-117.78,0.0
33.71615384615385,-117.77538461538461,0.0
33.71615384615385,-117.77076923076923,0.0
33.71615384615385,-117.76615384615384,0.0
33.71615384615385,-117.76153846153846,0.0
33.71615384615385,-117.75692307692307,0.0
33.71615384615385,-117.7523076923077,0.0
33.71615384615385,-117.7476923076923,0.0
33.71615384615385,-117.74307692307693,0.0
33.71615384615385,-117.73846153846154,0.0
33.71615384615385,-117.73384615384616,0.0
33.71615384615385,-117.72923076923077,0.0
33.71615384615385,-117.72461538461539,0.0
33.71615384615385,-117.72,0.0
33.719743589743594,-117.9,0.0
33.719743589743594,-117.89538461538461,0.0
33.719743589743594,-117.89076923076924,0.0
33.719743589743594,-117.88615384615385,0.0
33.719743589743594,-117.88153846153847,0.0
33.719743589743594,-117.87692307692308,0.0
33.719743589743594,-117.8723076923077,0.0
33.719743589743594,-117.86769230769231,0.0
33.719743589743594,-117.86307692307693,0.0
33.719743589743594,-117.85846153846154,0.0
33.719743589743594,-117.85384615384616,0.0
33.719743589743594,-117.84923076923077,0.0
33.719743589743594,-117.8446153846154,0.0
33.719743589743594,-117.84,0.0
33.719743589743594,-117.83538461538461,0.0
33.719743589743594,-117.83076923076923,0.0
33.719743589743594,-117.82615384615384,0.0
33.719743589743594,-117.82153846153847,0.0
33.719743589743594,-117.81692307692308,0.0
33.719743589743594,-117.8123076923077,0.0
33.719743589743594,-117.8076923076923,0.0
33.719743589743594,-117.80307692307693,0.0
33.719743589743594,-117.79846153846154,0.0
33.719743589743594,-117.79384615384616,0.0
33.719743589743594,-117.78923076923077,0.0
33.719743589743594,-117.78461538461539,0.0
33.719743589743594,-117.78,0.0
33.719743589743594,-117.77538461538461,0.0
33.719743589743594,-117.77076923076923,0.0
33.719743589743594,-117.76615384615384,0.0
33.719743589743594,-117.76153846153846,0.0
33.719743589743594,-117.75692307692307,0.0
33.719743589743594,-117.7523076923077,0.0
33.719743589743594,-117.7476923076923,0.0
33.719743589743594,-117.74307692307693,0.0
33.719743589743594,-117.73846153846154,0.0
33.719743589743594,-117.73384615384616,0.0
33.719743589743594,-117.72923076923077,0.0
33.719743589743594,-117.72461538461539,0.0
33.719743589743594,-117.72,0.0
33.723333333333336,-117.9,0.0
33.723333333333336,-117.89538461538461,0.0
33.723333333333336,-117.89076923076924,0.0
33.723333333333336,-117.88615384615385,0.0
33.723333333333336,-117.88153846153847,0.0
33.723333333333336,-117.87692307692308,0.0
33.723333333333336,-117.8723076923077,0.0
33.723333333333336,-117.86769230769231,0.0
33.723333333333336,-117.86307692307693,0.0
33.723333333333336,-117.85846153846154,0.0
33.723333333333336,-117.85384615384616,0.0
33.723333333333336,-117.84923076923077,0.0
33.723333333333336,-117.8446153846154,0.0
33.723333333333336,-117.84,0.0
33.723333333333336,-117.83538461538461,0.0
33.723333333333336,-117.83076923076923,0.0
33.723333333333336,-117.82615384615384,0.0
33.723333333333336,-117.82153846153847,0.0
33.723333333333336,-117.81692307692308,0.0
33.723333333333336,-117.8123076923077,0.0
33.723333333333336,-117.8076923076923,0.0
33.723333333333336,-117.80307692307693,0.0
33.723333333333336,-117.79846153846154,0.0
33.723333333333336,-117.79384615384616,0.0
33.723333333333336,-117.78923076923077,0.0
33.723333333333336,-117.78461538461539,0.0
33.723333333333336,-117.78,0.0
33.723333333333336,-117.77538461538461,0.0
33.723333333333336,-117.77076923076923,0.0
33.723333333333336,-117.76615384615384,0.0
33.723333333333336,-117.76153846153846,0.0
33.723333333333336,-117.75692307692307,0.0
33.723333333333336,-117.7523076923077,0.0
33.723333333333336,-117.7476923076923,0.0
33.723333333333336,-117.74307692307693,0.0
33.723333333333336,-117.73846153846154,0.0
33.723333333333336,-117.73384615384616,0.0
33.723333333333336,-117.72923076923077,0.0
33.723333333333336,-117.72461538461539,0.0
33.723333333333336,-117.72,0.0
33.72692307692308,-117.9,0.0
33.72692307692308,-117.89538461538461,0.0
33.72692307692308,-117.89076923076924,0.0
33.72692307692308,-117.88615384615385,0.0
33.72692307692308,-117.88153846153847,0.0
33.72692307692308,-117.87692307692308,0.0
33.72692307692308,-117.8723076923077,0.0
33.72692307692308,-117.86769230769231,0.0
33.72692307692308,-117.86307692307693,0.0
33.72692307692308,-117.85846153846154,0.0
33.72692307692308,-117.85384615384616,0.0
33.72692307692308,-117.84923076923077,0.0
33.72692307692308,-117.8446153846154,0.0
33.72692307692308,-117.84,0.0
33.72692307692308,-117.83538461538461,0.0
33.72692307692308,-117.83076923076923,0.0
33.72692307692308,-117.82615384615384,0.0
33.72692307692308,-117.82153846153847,0.0
33.72692307692308,-117.81692307692308,0.0
33.72692307692308,-117.8123076923077,0.0
33.72692307692308,-117.8076923076923,0.0
33.72692307692308,-117.80307692307693,0.0
33.72692307692308,-117.79846153846154,0.0
33.72692307692308,-117.79384615384616,0.0
33.72692307692308,-117.78923076923077,0.0
33.72692307692308,-117.78461538461539,0.0
33.72692307692308,-117.78,0.0
33.72692307692308,-117.77538461538461,0.0
33.72692307692308,-117.77076923076923,0.0
33.72692307692308,-117.76615384615384,0.0
33.72692307692308,-117.76153846153846,0.0
33.72692307692308,-117.75692307692307,0.0
33.72692307692308,-117.7523076923077,0.0
33.72692307692308,-117.7476923076923,0.0
33.72692307692308,-117.74307692307693,0.0
33.72692307692308,-117.73846153846154,0.0
33.72692307692308,-117.73384615384616,0.0
33.72692307692308,-117.72923076923077,0.0
33.72692307692308,-117.72461538461539,0.0
33.72692307692308,-117.72,0.0
33.73051282051282,-117.9,0.0
33.73051282051282,-117.89538461538461,0.0
33.73051282051282,-117.89076923076924,0.0
33.73051282051282,-117.88615384615385,0.0
33.73051282051282,-117.88153846153847,0.0
33.73051282051282,-117.87692307692308,0.0
33.73051282051282,-117.8723076923077,0.0
33.73051282051282,-117.86769230769231,0.0
33.73051282051282,-117.86307692307693,0.0
33.73051282051282,-117.85846153846154,0.0
33.73051282051282,-117.85384615384616,0.0
33.73051282051282,-117.84923076923077,0.0
33.73051282051282,-117.8446153846154,0.0
33.73051282051282,-117.84,0.0
33.73051282051282,-117.83538461538461,0.0
33.73051282051282,-117.83076923076923,0.0
33.73051282051282,-117.82615384615384,0.0
33.73051282051282,-117.82153846153847,0.0
33.73051282051282,-117.81692307692308,0.0
33.73051282051282,-117.8123076923077,0.0
33.73051282051282,-117.8076923076923,0.0
33.73051282051282,-117.80307692307693,0.0
33.73051282051282,-117.79846153846154,0.0
33.73051282051282,-117.79384615384616,0.0
33.73051282051282,-117.78923076923077,0.0
33.73051282051282,-117.78461538461539,0.0
33.73051282051282,-117.78,0.0
33.73051282051282,-117.77538461538461,0.0
33.73051282051282,-117.77076923076923,0.0
33.73051282051282,-117.76615384615384,0.0
33.73051282051282,-117.76153846153846,0.0
33.73051282051282,-117.75692307692307,0.0
33.73051282051282,-117.7523076923077,0.0
33.73051282051282,-117.7476923076923,0.0
33.73051282051282,-117.74307692307693,0.0
33.73051282051282,-117.73846153846154,0.0
33.73051282051282,-117.73384615384616,0.0
33.73051282051282,-117.72923076923077,0.0
33.73051282051282,-117.72461538461539,0.0
33.73051282051282,-117.72,0.0
33.734102564102564,-117.9,0.0
33.734102564102564,-117.89538461538461,0.0
33.734102564102564,-117.89076923076924,0.0
33.734102564102564,-117.88615384615385,0.0
33.734102564102564,-117.88153846153847,0.0
33.734102564102564,-117.87692307692308,0.0
33.734102564102564,-117.8723076923077,0.0
33.734102564102564,-117.86769230769231,0.0
33.734102564102564,-117.86307692307693,0.0
33.734102564102564,-117.85846153846154,0.0
33.734102564102564,-117.85384615384616,0.0
33.734102564102564,-117.84923076923077,0.0
33.734102564102564,-117.8446153846154,0.0
33.734102564102564,-117.84,0.0
33.734102564102564,-117.83538461538461,0.0
33.734102564102564,-117.83076923076923,0.0
33.734102564102564,-117.82615384615384,0.0
33.734102564102564,-117.82153846153847,0.0
33.734102564102564,-117.81692307692308,0.0
33.734102564102564,-117.8123076923077,0.0
33.734102564102564,-117.8076923076923,0.0
33.734102564102564,-117.80307692307693,0.0
33.734102564102564,-117.79846153846154,0.0
33.734102564102564,-117.79384615384616,0.0
33.734102564102564,-117.78923076923077,0.0
33.734102564102564,-117.78461538461539,0.0
33.734102564102564,-117.78,0.0
33.734102564102564,-117.77538461538461,0.0
33.734102564102564,-117.77076923076923,0.0
33.734102564102564,-117.76615384615384,0.0
33.734102564102564,-117.76153846153846,0.0
33.734102564102564,-117.75692307692307,0.0
33.734102564102564,-117.7523076923077,0.0
33.734102564102564,-117.7476923076923,0.0
33.734102564102564,-117.74307692307693,0.0
33.734102564102564,-117.73846153846154,0.0
33.734102564102564,-117.73384615384616,0.0
33.734102564102564,-117.72923076923077,0.0
33.734102564102564,-117.72461538461539,0.0
33.734102564102564,-117.72,0.0
33.73769230769231,-117.9,0.0
33.73769230769231,-117.89538461538461,0.0
33.73769230769231,-117.89076923076924,0.0
33.73769230769231,-117.88615384615385,0.0
33.73769230769231,-117.88153846153847,0.0
33.73769230769231,-117.87692307692308,0.0
33.73769230769231,-117.8723076923077,0.0
33.73769230769231,-117.86769230769231,0.0
33.73769230769231,-117.86307692307693,0.0
33.73769230769231,-117.85846153846154,0.0
33.73769230769231,-117.85384615384616,0.0
33.73769230769231,-117.84923076923077,0.0
33.73769230769231,-117.8446153846154,0.0
33.73769230769231,-117.84,0.0
33.73769230769231,-117.83538461538461,0.0
33.73769230769231,-117.83076923076923,0.0
33.73769230769231,-117.82615384615384,0.0
33.73769230769231,-117.82153846153847,0.0
33.73769230769231,-117.81692307692308,0.0
33.73769230769231,-117.8123076923077,0.0
33.73769230769231,-117.8076923076923,0.0
33.73769230769231,-117.80307692307693,0.0
33.73769230769231,-117.79846153846154,0.0
33.73769230769231,-117.79384615384616,0.0
33.73769230769231,-117.78923076923077,0.0
33.73769230769231,-117.78461538461539,0.0
33.73769230769231,-117.78,0.0
33.73769230769231,-117.77538461538461,0.0
33.73769230769231,-117.77076923076923,0.0
33.73769230769231,-117.76615384615384,0.0
33.73769230769231,-117.76153846153846,0.0
33.73769230769231,-117.75692307692307,0.0
33.73769230769231,-117.7523076923077,0.0
33.73769230769231,-117.7476923076923,0.0
33.73769230769231,-117.74307692307693,0.0
33.73769230769231,-117.73846153846154,0.0
33.73769230769231,-117.73384615384616,0.0
33.73769230769231,-117.72923076923077,0.0
33.73769230769231,-117.72461538461539,0.0
33.73769230769231,-117.72,0.0
33.741282051282056,-117.9,0.0
33.741282051282056,-117.89538461538461,0.0
33.741282051282056,-117.89076923076924,0.0
33.741282051282056,-117.88615384615385,0.0
33.741282051282056,-117.88153846153847,0.0
33.741282051282056,-117.87692307692308,0.0
33.741282051282056,-117.8723076923077,0.0
33.741282051282056,-117.86769230769231,0.0
33.741282051282056,-117.86307692307693,0.0
33.741282051282056,-117.85846153846154,0.0
33.741282051282056,-117.85384615384616,0.0
33.741282051282056,-117.84923076923077,0.0
33.741282051282056,-117.8446153846154,0.0
33.741282051282056,-117.84,0.0
33.741282051282056,-117.83538461538461,0.0
33.741282051282056,-117.83076923076923,0.0
33.741282051282056,-117.82615384615384,0.0
33.741282051282056,-117.82153846153847,0.0
33.741282051282056,-117.81692307692308,0.0
33.741282051282056,-117.8123076923077,0.0
33.741282051282056,-117.8076923076923,0.0
33.741282051282056,-117.80307692307693,0.0
33.741282051282056,-117.79846153846154,0.0
33.741282051282056,-117.79384615384616,0.0
33.741282051282056,-117.78923076923077,0.0
33.741282051282056,-117.78461538461539,0.0
33.741282051282056,-117.78,0.0
33.741282051282056,-117.77538461538461,0.0
33.741282051282056,-117.77076923076923,0.0
33.741282051282056,-117.76615384615384,0.0
33.741282051282056,-117.76153846153846,0.0
33.741282051282056,-117.75692307692307,0.0
33.741282051282056,-117.7523076923077,0.0
33.741282051282056,-117.7476923076923,0.0
33.741282051282056,-117.74307692307693,0.0
33.741282051282056,-117.73846153846154,0.0
33.741282051282056,-117.73384615384616,0.0
33.741282051282056,-117.72923076923077,0.0
33.741282051282056,-117.72461538461539,0.0
33.741282051282056,-117.72,0.0
33.7448717948718,-117.9,0.0
33.7448717948718,-117.89538461538461,0.0
33.7448717948718,-117.89076923076924,0.0
33.7448717948718,-117.88615384615385,0.0
33.7448717948718,-117.88153846153847,0.0
33.7448717948718,-117.87692307692308,0.0
33.7448717948718,-117.8723076923077,0.0
33.7448717948718,-117.86769230769231,0.0
33.7448717948718,-117.86307692307693,0.0
33.7448717948718,-117.85846153846154,0.0
33.7448717948718,-117.85384615384616,0.0
33.7448717948718,-117.84923076923077,0.0
33.7448717948718,-117.8446153846154,0.0
33.7448717948718,-117.84,0.0
33.7448717948718,-117.83538461538461,0.0
33.7448717948718,-117.83076923076923,0.0
33.7448717948718,-117.82615384615384,0.0
33.7448717948718,-117.82153846153847,0.0
33.7448717948718,-117.81692307692308,0.0
33.7448717948718,-117.8123076923077,0.0
33.7448717948718,-117.8076923076923,0.0
33.7448717948718,-117.80307692307693,0.0
33.7448717948718,-117.79846153846154,0.0
33.7448717948718,-117.79384615384616,0.0
33.7448717948718,-117.78923076923077,0.0
33.7448717948718,-117.78461538461539,0.0
33.7448717948718,-117.78,0.0
33.7448717948718,-117.77538461538461,0.0
33.7448717948718,-117.77076923076923,0.0
33.7448717948718,-117.76615384615384,0.0
33.7448717948718,-117.76153846153846,0.0
33.7448717948718,-117.75692307692307,0.0
33.7448717948718,-117.7523076923077,0.0
33.7448717948718,-117.7476923076923,0.0
33.7448717948718,-117.74307692307693,0.0
33.7448717948718,-117.73846153846154,0.0
33.7448717948718,-117.73384615384616,0.0
33.7448717948718,-117.72923076923077,0.0
33.7448717948718,-117.72461538461539,0.0
33.7448717948718,-117.72,0.0
33.74846153846154,-117.9,0.0
33.74846153846154,-117.89538461538461,0.0
33.74846153846154,-117.89076923076924,0.0
33.74846153846154,-117.88615384615385,0.0
33.74846153846154,-117.88153846153847,0.0
33.74846153846154,-117.87692307692308,0.0
33.74846153846154,-117.8723076923077,0.0
33.74846153846154,-117.86769230769231,0.0
33.74846153846154,-117.86307692307693,0.0
33.74846153846154,-117.85846153846154,0.0
33.74846153846154,-117.85384615384616,0.0
33.74846153846154,-117.84923076923077,0.0
33.74846153846154,-117.8446153846154,0.0
33.74846153846154,-117.84,0.0
33.74846153846154,-117.83538461538461,0.0
33.74846153846154,-117.83076923076923,0.0
33.74846153846154,-117.82615384615384,0.0
33.74846153846154,-117.82153846153847,0.0
33.74846153846154,-117.81692307692308,0.0
33.74846153846154,-117.8123076923077,0.0
33.74846153846154,-117.8076923076923,0.0
33.74846153846154,-117.80307692307693,0.0
33.74846153846154,-117.79846153846154,0.0
33.74846153846154,-117.79384615384616,0.0
33.74846153846154,-117.78923076923077,0.0
33.74846153846154,-117.78461538461539,0.0
33.74846153846154,-117.78,0.0
33.74846153846154,-117.77538461538461,0.0
33.74846153846154,-117.77076923076923,0.0
33.74846153846154,-117.76615384615384,0.0
33.74846153846154,-117.76153846153846,0.0
33.74846153846154,-117.75692307692307,0.0
33.74846153846154,-117.7523076923077,0.0
33.74846153846154,-117.7476923076923,0.0
33.74846153846154,-117.74307692307693,0.0
33.74846153846154,-117.73846153846154,0.0
33.74846153846154,-117.73384615384616,0.0
33.74846153846154,-117.72923076923077,0.0
33.74846153846154,-117.72461538461539,0.0
33.74846153846154,-117.72,0.0
33.75205128205128,-117.9,0.0
33.75205128205128,-117.89538461538461,0.0
33.75205128205128,-117.89076923076924,0.0
33.75205128205128,-117.88615384615385,0.0
33.75205128205128,-117.88153846153847,0.0
33.75205128205128,-117.87692307692308,0.0
33.75205128205128,-117.8723076923077,0.0
33.75205128205128,-117.86769230769231,0.0
33.75205128205128,-117.86307692307693,0.0
33.75205128205128,-117.85846153846154,0.0
33.75205128205128,-117.85384615384616,0.0
33.75205128205128,-117.84923076923077,0.0
33.75205128205128,-117.8446153846154,0.0
33.75205128205128,-117.84,0.0
33.75205128205128,-117.83538461538461,0.0
33.75205128205128,-117.83076923076923,0.0
33.75205128205128,-117.82615384615384,0.0
33.75205128205128,-117.82153846153847,0.0
33.75205128205128,-117.81692307692308,0.0
33.75205128205128,-117.8123076923077,0.0
33.75205128205128,-117.8076923076923,0.0
33.75205128205128,-117.80307692307693,0.0
33.75205128205128,-117.79846153846154,0.0
33.75205128205128,-117.79384615384616,0.0
33.75205128205128,-117.78923076923077,0.0
33.75205128205128,-117.78461538461539,0.0
33.75205128205128,-117.78,0.0
33.75205128205128,-117.77538461538461,0.0
33.75205128205128,-117.77076923076923,0.0
33.75205128205128,-117.76615384615384,0.0
33.75205128205128,-117.76153846153846,0.0
33.75205128205128,-117.75692307692307,0.0
33.75205128205128,-117.7523076923077,0.0
33.75205128205128,-117.7476923076923,0.0
33.75205128205128,-117.74307692307693,0.0
33.75205128205128,-117.73846153846154,0.0
33.75205128205128,-117.73384615384616,0.0
33.75205128205128,-117.72923076923077,0.0
33.75205128205128,-117.72461538461539,0.0
33.75205128205128,-117.72,0.0
33.755641025641026,-117.9,0.0
33.755641025641026,-117.89538461538461,0.0
33.755641025641026,-117.89076923076924,0.0
33.755641025641026,-117.88615384615385,0.0
33.755641025641026,-117.88153846153847,0.0
33.755641025641026,-117.87692307692308,0.0
33.755641025641026,-117.8723076923077,0.0
33.755641025641026,-117.86769230769231,0.0
33.755641025641026,-117.86307692307693,0.0
33.755641025641026,-117.85846153846154,0.0
33.755641025641026,-117.85384615384616,0.0
33.755641025641026,-117.84923076923077,0.0
33.755641025641026,-117.8446153846154,0.0
33.755641025641026,-117.84,0.0
33.755641025641026,-117.83538461538461,0.0
33.755641025641026,-117.83076923076923,0.0
33.755641025641026,-117.82615384615384,0.0
33.755641025641026,-117.82153846153847,0.0
33.755641025641026,-117.81692307692308,0.0
33.755641025641026,-117.8123076923077,0.0
33.755641025641026,-117.8076923076923,0.0
33.755641025641026,-117.80307692307693,0.0
33.755641025641026,-117.79846153846154,0.0
33.755641025641026,-117.79384615384616,0.0
33.755641025641026,-117.78923076923077,0.0
33.755641025641026,-117.78461538461539,0.0
33.755641025641026,-117.78,0.0
33.755641025641026,-117.77538461538461,0.0
33.755641025641026,-117.77076923076923,0.0
33.755641025641026,-117.76615384615384,0.0
33.755641025641026,-117.76153846153846,0.0
33.755641025641026,-117.75692307692307,0.0
33.755641025641026,-117.7523076923077,0.0
33.755641025641026,-117.7476923076923,0.0
33.755641025641026,-117.74307692307693,0.0
33.755641025641026,-117.73846153846154,0.0
33.755641025641026,-117.73384615384616,0.0
33.755641025641026,-117.72923076923077,0.0
33.755641025641026,-117.72461538461539,0.0
33.755641025641026,-117.72,0.0
33.759230769230776,-117.9,0.0
33.759230769230776,-117.89538461538461,0.0
33.759230769230776,-117.89076923076924,0.0
33.759230769230776,-117.88615384615385,0.0
33.759230769230776,-117.88153846153847,0.0
33.759230769230776,-117.87692307692308,0.0
33.759230769230776,-117.8723076923077,0.0
33.759230769230776,-117.86769230769231,0.0
33.759230769230776,-117.86307692307693,0.0
33.759230769230776,-117.85846153846154,0.0
33.759230769230776,-117.85384615384616,0.0
33.759230769230776,-117.84923076923077,0.0
33.759230769230776,-117.8446153846154,0.0
33.759230769230776,-117.84,0.0
33.759230769230776,-117.83538461538461,0.0
33.759230769230776,-117.83076923076923,0.0
33.759230769230776,-117.82615384615384,0.0
33.759230769230776,-117.82153846153847,0.0
33.759230769230776,-117.81692307692308,0.0
33.759230769230776,-117.8123076923077,0.0
33.759230769230776,-117.8076923076923,0.0
33.759230769230776,-117.80307692307693,0.0
33.759230769230776,-117.79846153846154,0.0
33.759230769230776,-117.79384615384616,0.0
33.759230769230776,-117.78923076923077,0.0
33.759230769230776,-117.78461538461539,0.0
33.759230769230776,-117.78,0.0
33.759230769230776,-117.77538461538461,0.0
33.759230769230776,-117.77076923076923,0.0
33.759230769230776,-117.76615384615384,0.0
33.759230769230776,-117.76153846153846,0.0
33.759230769230776,-117.75692307692307,0.0
33.759230769230776,-117.7523076923077,0.0
33.759230769230776,-117.7476923076923,0.0
33.759230769230776,-117.74307692307693,0.0
33.759230769230776,-117.73846153846154,0.0
33.759230769230776,-117.73384615384616,0.0
33.759230769230776,-117.72923076923077,0.0
33.759230769230776,-117.72461538461539,0.0
33.759230769230776,-117.72,0.0
33.76282051282052,-117.9,0.0
33.76282051282052,-117.89538461538461,0.0
33.76282051282052,-117.89076923076924,0.0
33.76282051282052,-117.88615384615385,0.0
33.76282051282052,-117.88153846153847,0.0
33.76282051282052,-117.87692307692308,0.0
33.76282051282052,-117.8723076923077,0.0
33.76282051282052,-117.86769230769231,0.0
33.76282051282052,-117.86307692307693,0.0
33.76282051282052,-117.85846153846154,0.0
33.76282051282052,-117.85384615384616,0.0
33.76282051282052,-117.84923076923077,0.0
33.76282051282052,-117.8446153846154,0.0
33.76282051282052,-117.84,0.0
33.76282051282052,-117.83538461538461,0.0
33.76282051282052,-117.83076923076923,0.0
33.76282051282052,-117.82615384615384,0.0
33.76282051282052,-117.82153846153847,0.0
33.76282051282052,-117.81692307692308,0.0
33.76282051282052,-117.8123076923077,0.0
33.76282051282052,-117.8076923076923,0.0
33.76282051282052,-117.80307692307693,0.0
33.76282051282052,-117.79846153846154,0.0
33.76282051282052,-117.79384615384616,0.0
33.76282051282052,-117.78923076923077,0.0
33.76282051282052,-117.78461538461539,0.0
33.76282051282052,-117.78,0.0
33.76282051282052,-117.77538461538461,0.0
33.76282051282052,-117.77076923076923,0.0
33.76282051282052,-117.76615384615384,0.0
33.76282051282052,-117.76153846153846,0.0
33.76282051282052,-117.75692307692307,0.0
33.76282051282052,-117.7523076923077,0.0
33.76282051282052,-117.7476923076923,0.0
33.76282051282052,-117.74307692307693,0.0
33.76282051282052,-117.73846153846154,0.0
33.76282051282052,-117.73384615384616,0.0
33.76282051282052,-117.72923076923077,0.0
33.76282051282052,-117.72461538461539,0.0
33.76282051282052,-117.72,0.0
33.76641025641026,-117.9,0.0
33.76641025641026,-117.89538461538461,0.0
33.76641025641026,-117.89076923076924,0.0
33.76641025641026,-117.88615384615385,0.0
33.76641025641026,-117.88153846153847,0.0
33.76641025641026,-117.87692307692308,0.0
33.76641025641026,-117.8723076923077,0.0
33.76641025641026,-117.86769230769231,0.0
33.76641025641026,-117.86307692307693,0.0
33.76641025641026,-117.85846153846154,0.0
33.76641025641026,-117.85384615384616,0.0
33.76641025641026,-117.84923076923077,0.0
33.76641025641026,-117.8446153846154,0.0
33.76641025641026,-117.84,0.0
33.76641025641026,-117.83538461538461,0.0
33.76641025641026,-117.83076923076923,0.0
33.76641025641026,-117.82615384615384,0.0
33.76641025641026,-117.82153846153847,0.0
33.76641025641026,-117.81692307692308,0.0
33.76641025641026,-117.8123076923077,0.0
33.76641025641026,-117.8076923076923,0.0
33.76641025641026,-117.80307692307693,0.0
33.76641025641026,-117.79846153846154,0.0
33.76641025641026,-117.79384615384616,0.0
33.76641025641026,-117.78923076923077,0.0
33.76641025641026,-117.78461538461539,0.0
33.76641025641026,-117.78,0.0
33.76641025641026,-117.77538461538461,0.0
33.76641025641026,-117.77076923076923,0.0
33.76641025641026,-117.76615384615384,0.0
33.76641025641026,-117.76153846153846,0.0
33.76641025641026,-117.75692307692307,0.0
33.76641025641026,-117.7523076923077,0.0
33.76641025641026,-117.7476923076923,0.0
33.76641025641026,-117.74307692307693,0.0
33.76641025641026,-117.73846153846154,0.0
33.76641025641026,-117.73384615384616,0.0
33.76641025641026,-117.72923076923077,0.0
33.76641025641026,-117.72461538461539,0.0
33.76641025641026,-117.72,0.0
33.77,-117.9,0.0
33.77,-117.89538461538461,0.0
33.77,-117.89076923076924,0.0
33.77,-117.88615384615385,0.0
33.77,-117.88153846153847,0.0
33.77,-117.87692307692308,0.0
33.77,-117.8723076923077,0.0
33.77,-117.86769230769231,0.0
33.77,-117.86307692307693,0.0
33.77,-117.85846153846154,0.0
33.77,-117.85384615384616,0.0
33.77,-117.84923076923077,0.0
33.77,-117.8446153846154,0.0
33.77,-117.84,0.0
33.77,-117.83538461538461,0.0
33.77,-117.83076923076923,0.0
33.77,-117.82615384615384,0.0
33.77,-117.82153846153847,0.0
33.77,-117.81692307692308,0.0
33.77,-117.8123076923077,0.0
33.77,-117.8076923076923,0.0
33.77,-117.80307692307693,0.0
33.77,-117.79846153846154,0.0
33.77,-117.79384615384616,0.0
33.77,-117.78923076923077,0.0
33.77,-117.78461538461539,0.0
33.77,-117.78,0.0
33.77,-117.77538461538461,0.0
33.77,-117.77076923076923,0.0
33.77,-117.76615384615384,0.0
33.77,-117.76153846153846,0.0
33.77,-117.75692307692307,0.0
33.77,-117.7523076923077,0.0
33.77,-117.7476923076923,0.0
33.77,-117.74307692307693,0.0
33.77,-117.73846153846154,0.0
33.77,-117.73384615384616,0.0
33.77,-117.72923076923077,0.0
33.77,-117.72461538461539,0.0
33.77,-117.72,0.0
